,returns
2014-01-02,-0.00541545140202758
2014-01-03,-0.009594871965025158
2014-01-06,-0.0009868929767619882
2014-01-07,0.004363561904524172
2014-01-08,0.010088372259917142
2014-01-09,0.0018776511945744656
2014-01-10,-0.00342117856428986
2014-01-13,-0.005278242842754227
2014-01-14,0.006989966165876729
2014-01-15,0.014078264343668621
2014-01-16,0.003182150206757774
2014-01-17,-0.008866629312246174
2014-01-20,-0.00666612164348871
2014-01-21,0.013800152711992891
2014-01-22,0.0026230595240688674
2014-01-23,-0.012857078739516678
2014-01-24,0.00033043045746379356
2014-01-27,-0.00830580778755799
2014-01-28,-0.004034304752492436
2014-01-29,-0.0029040465862148596
2014-01-30,-0.004706506973057949
2014-01-31,0.005427027762826316
2014-02-03,0.0004953122245976867
2014-02-04,-0.0037154500642608383
2014-02-05,0.0042771026124569355
2014-02-06,0.007638842456490592
2014-02-07,-0.012144186971245415
2014-02-10,-0.001053841010923952
2014-02-11,-0.0068459788483521
2014-02-12,-0.00038524179889625637
2014-02-13,-0.00931534997403087
2014-02-14,0.0011655231523007297
2014-02-17,0.0006969140716474541
2014-02-18,-0.0014347020076679118
2014-02-19,-0.00738341204096197
2014-02-20,-0.0021695226437847418
2014-02-21,-0.007730631213565673
2014-02-24,-0.009841669969637916
2014-02-25,0.002798285859679145
2014-02-26,-0.007874799503130928
2014-02-27,0.010362368809426346
2014-02-28,0.006732701246990689
2014-03-03,-0.014982533539597769
2014-03-04,0.003177030955299904
2014-03-05,-0.007813733020648358
2014-03-06,0.0012644577612661535
2014-03-07,0.0013490559405553728
2014-03-10,-0.014907438305848966
2014-03-11,-0.0008673801901261601
2014-03-12,-0.001046320251195128
2014-03-13,0.008696004254744757
2014-03-14,-0.008451574463649726
2014-03-17,0.006904335182765473
2014-03-18,-0.007791782104291251
2014-03-19,-0.0016503271415993339
2014-03-20,-0.005723785347377689
2014-03-21,0.012589850311373375
2014-03-24,0.005545704798306347
2014-03-25,0.0204538600227617
2014-03-26,0.006135331032658564
2014-03-27,0.007759941869753403
2014-03-28,0.007725463010122721
2014-03-31,-0.003852892287276413
2014-04-01,0.00043977242689294336
2014-04-02,0.011803110941957008
2014-04-03,-0.002172406121383773
2014-04-04,0.0025103962503287896
2014-04-07,0.0008302123166616817
2014-04-08,0.005873731942661926
2014-04-09,-0.001919269935578981
2014-04-10,-0.00021889511005478623
2014-04-11,0.0029390514293772037
2014-04-14,0.0018241851078944615
2014-04-15,-0.0059197819702545606
2014-04-16,0.00816626434551555
2014-04-17,-0.009387849665975296
2014-04-18,-0.008608924390428211
2014-04-21,-0.009259934357923695
2014-04-22,0.008735778231465718
2014-04-23,-0.0018848669511941601
2014-04-24,-0.006768291028168524
2014-04-25,-0.008088171153517173
2014-04-28,0.004369049099699249
2014-04-29,-0.007438725300622681
2014-04-30,-0.009176625680781137
2014-05-01,0.005911944499750887
2014-05-02,-0.008573661817540566
2014-05-05,-0.0015795052060111779
2014-05-06,0.0009459076772278257
2014-05-07,-0.0025626829354384985
2014-05-08,0.0005672483072364138
2014-05-09,0.011710187992438174
2014-05-12,-0.0031351532207141994
2014-05-13,-0.009074457271025821
2014-05-14,-0.013693965641549437
2014-05-15,-0.0006381289346709365
2014-05-16,-0.001818056083289844
2014-05-19,0.003120727255442588
2014-05-20,-0.002713956733099853
2014-05-21,-0.002829107704421796
2014-05-22,-0.004770525982788838
2014-05-23,-0.0031580781789614307
2014-05-26,0.0022818136505393946
2014-05-27,-0.0020428218177211102
2014-05-28,0.001803534822660052
2014-05-29,0.016209497600266055
2014-05-30,0.0048329452063755485
2014-06-02,-0.01160871876348181
2014-06-03,0.014868236684904855
2014-06-04,0.0037824829599082837
2014-06-05,-0.006531306291607877
2014-06-06,0.008256391661486482
2014-06-09,0.001141244887278712
2014-06-10,-0.003921748264280553
2014-06-11,-0.004068071403468931
2014-06-12,-0.006947454322014859
2014-06-13,0.0013849518719187086
2014-06-16,0.009550533549996527
2014-06-17,-0.0016004167904510296
2014-06-18,0.004366593000450839
2014-06-19,0.01600516843020223
2014-06-20,-0.008716725063838797
2014-06-23,0.003060178591387934
2014-06-24,-0.001451495414814995
2014-06-25,-0.007474048798622758
2014-06-26,-0.0072067775954927785
2014-06-27,0.0008777188546771024
2014-06-30,0.004470907289601355
2014-07-01,-0.003252718565944256
2014-07-02,0.0014351243548759397
2014-07-03,0.00677766923547768
2014-07-04,0.0033724899753426025
2014-07-07,0.00794936151792714
2014-07-08,0.004691164865207417
2014-07-09,0.004904045405445676
2014-07-10,0.015613072519534525
2014-07-11,0.0059853749895405345
2014-07-14,0.002035769058844874
2014-07-15,0.0066795504275359895
2014-07-16,-0.006352989404065683
2014-07-17,-0.0017016382860869585
2014-07-18,0.007345766833556824
2014-07-21,0.006046293600751072
2014-07-22,0.013386893526650259
2014-07-23,0.0010837842313494628
2014-07-24,-0.010698622323363612
2014-07-25,0.01657797544700965
2014-07-28,0.009743142484469999
2014-07-29,-0.007469899468828533
2014-07-30,0.01200658935974733
2014-07-31,0.001259222390232669
2014-08-01,-0.013511430159238936
2014-08-04,-0.0023628313713835746
2014-08-05,-0.0030712306719501425
2014-08-06,0.013726785282577935
2014-08-07,-0.005336549563356191
2014-08-08,-0.0010289387230349445
2014-08-11,-0.0012140864547629713
2014-08-12,-0.0020317821038181023
2014-08-13,-0.006312592488260948
2014-08-14,0.002752695272205414
2014-08-15,0.009614437171308436
2014-08-18,0.005991821209374017
2014-08-19,-0.006419992928474482
2014-08-20,-0.008198526057293518
2014-08-21,0.0019517884286563893
2014-08-22,-0.004652641308990156
2014-08-25,-0.0040413251907944064
2014-08-26,-0.012437556630721314
2014-08-27,0.016603932821599717
2014-08-28,0.008332953220327115
2014-08-29,-0.006791258655255812
2014-09-01,0.008265682134356373
2014-09-02,0.011739896846596983
2014-09-03,-0.018116426797413106
2014-09-04,-0.00339155828451412
2014-09-05,-0.002103785745005105
2014-09-08,0.006186035762746326
2014-09-09,2.8276621593446892e-05
2014-09-10,-0.0008434506868185631
2014-09-11,0.000533028887422764
2014-09-12,0.01582660566273602
2014-09-15,0.0182798437582321
2014-09-16,-0.0031986114961092497
2014-09-17,-0.006409951946003469
2014-09-18,0.022540425179094856
2014-09-19,-0.006837957065541898
2014-09-22,-0.0035872161431376092
2014-09-23,0.0012926520747899052
2014-09-24,0.00486596995316187
2014-09-25,0.009232284395502489
2014-09-26,0.004127817773361116
2014-09-29,-0.005979064573561535
2014-09-30,0.005051058610797682
2014-10-01,0.0029993406388097773
2014-10-02,0.01601535193963341
2014-10-03,0.0008800016147542445
2014-10-06,-0.009695783199337865
2014-10-07,-0.007360159315071693
2014-10-08,0.012601224471625296
2014-10-09,-0.0033210496566271567
2014-10-10,-0.015835728080684484
2014-10-13,-0.003645597643915652
2014-10-14,0.001000120798650345
2014-10-15,0.010510645428298961
2014-10-16,-0.007115745100819416
2014-10-17,0.006333466607216609
2014-10-20,0.007362392796812934
2014-10-21,-0.004595106466589391
2014-10-22,-0.0005007176425517556
2014-10-23,0.015155601891183392
2014-10-24,0.014763877974609242
2014-10-27,0.007844176039215136
2014-10-28,0.0036555708760992525
2014-10-29,0.010106476967705613
2014-10-30,-0.00012541828492220733
2014-10-31,0.0002392554744123375
2014-11-03,-0.005882881116218527
2014-11-04,0.0010445070773499121
2014-11-05,0.0003438670006929392
2014-11-06,0.023189053338954938
2014-11-07,-0.0005427453262434935
2014-11-10,0.011166543920107509
2014-11-11,0.011563978195146693
2014-11-12,-0.0004918296153198294
2014-11-13,0.010355177538401036
2014-11-14,-0.016414509195880035
2014-11-17,0.0017594174788409305
2014-11-18,0.007858091195730343
2014-11-19,-0.01818292218142496
2014-11-20,-0.008273369585984784
2014-11-21,0.009448588938987933
2014-11-24,-0.0010560861518773878
2014-11-25,-0.0077855895505676695
2014-11-26,-0.001988765348166141
2014-11-27,-0.0033407064514757384
2014-11-28,0.006795578506681716
2014-12-01,0.004631087035677165
2014-12-02,-0.0012418267148461325
2014-12-03,-0.004322741485029136
2014-12-04,0.0005689946888452905
2014-12-05,0.011601247418761784
2014-12-08,0.0037922089006246947
2014-12-09,0.006111564749142643
2014-12-10,-0.00020545277766844403
2014-12-11,-0.0093345300006097
2014-12-12,-0.004686748284697001
2014-12-15,0.006209892527178243
2014-12-16,0.0018257288206513273
2014-12-17,-0.006230718950614412
2014-12-18,-0.011942963404822784
2014-12-19,0.0018854552028114164
2014-12-22,-0.001716248069585312
2014-12-23,-0.0018042417489018158
2014-12-24,-0.0016355996596886433
2014-12-25,0.0032712409078648253
2014-12-26,0.0033555817996224094
2014-12-29,0.008697028401763212
2014-12-30,0.008427372643531092
2014-12-31,0.011656744643947472
2015-01-01,0.007450904454256507
2015-01-02,-0.0016848642666215234
2015-01-05,0.0005658484300512751
2015-01-06,0.00495372075865145
2015-01-07,-0.0014823381600113875
2015-01-08,0.005395510242239114
2015-01-09,0.010228875815959906
2015-01-12,-0.005409968079728573
2015-01-13,-0.013163072406771992
2015-01-14,0.010549239642332457
2015-01-15,0.0011420792826801166
2015-01-16,0.006669358584890417
2015-01-19,-0.00965844283508684
2015-01-20,0.014863940483825316
2015-01-21,0.0069089591157477145
2015-01-22,-8.593389531746367e-06
2015-01-23,-0.001815904310440698
2015-01-26,0.0019111670436419443
2015-01-27,-0.0003338507245227978
2015-01-28,-0.0012295210179508417
2015-01-29,-0.007956799804204596
2015-01-30,0.011102475511368358
2015-02-02,0.000683378523443527
2015-02-03,0.0015970850991168226
2015-02-04,0.0017433279088037604
2015-02-05,-0.017865738693934968
2015-02-06,0.005217131664994602
2015-02-09,-0.0016332394450028717
2015-02-10,-0.0013138277167387686
2015-02-11,0.0015583029805984997
2015-02-12,-0.006779804842627368
2015-02-13,0.007747046479901658
2015-02-16,-0.004566916990456077
2015-02-17,-0.006229264437703034
2015-02-18,-0.005897516807858996
2015-02-19,0.002270021561119414
2015-02-20,0.006966235794899749
2015-02-23,-0.003760425884370089
2015-02-24,-0.011081493407322299
2015-02-25,0.009499925545228823
2015-02-26,-0.007520668760346947
2015-02-27,0.010558642948239327
2015-03-02,0.000565632984183074
2015-03-03,-0.0045867991521927
2015-03-04,-0.0041203195930857375
2015-03-05,0.004694929389540218
2015-03-06,0.008114974359974395
2015-03-09,-0.0005853618206497981
2015-03-10,0.008575475058973032
2015-03-11,0.017695825661327762
2015-03-12,-0.0006664667620800866
2015-03-13,-0.00819557312984455
2015-03-16,-0.007435202788243612
2015-03-17,-0.010122682840009296
2015-03-18,-0.0041173236075240875
2015-03-19,-0.004790233895454835
2015-03-20,-0.009600826631730019
2015-03-23,0.005241474037707999
2015-03-24,-0.019890712039785437
2015-03-25,-0.009566391773544892
2015-03-26,0.017122014449471014
2015-03-27,0.009302419427707334
2015-03-30,0.005182333466745859
2015-03-31,0.004658072471642751
2015-04-01,0.015167497382403854
2015-04-02,0.005285037090282948
2015-04-03,0.0016206166978177056
2015-04-06,-0.008841281286276537
2015-04-07,0.0004106654613685785
2015-04-08,-0.004871071986518572
2015-04-09,-0.004649402199224182
2015-04-10,-0.004713911466672864
2015-04-13,0.0006428250824601766
2015-04-14,-0.001637686557936603
2015-04-15,0.007968884087475415
2015-04-16,-0.009609451535293856
2015-04-17,-0.00035576157394293095
2015-04-20,0.01587597997147601
2015-04-21,0.0013111786975598151
2015-04-22,0.010588921771589137
2015-04-23,0.010094907977626515
2015-04-24,0.011533182562698883
2015-04-27,0.0069049533562019726
2015-04-28,-0.01004356825002313
2015-04-29,-0.001139101646296022
2015-04-30,-0.002042684659748963
2015-05-01,-0.011390842434667366
2015-05-04,-0.0027110529694011035
2015-05-05,-0.009000638681070396
2015-05-06,-0.012324411568155065
2015-05-07,0.002687170052491614
2015-05-08,0.0006512698204347127
2015-05-11,-0.004502519276601482
2015-05-12,-0.006604690900902856
2015-05-13,-0.0033301875365803523
2015-05-14,-0.0021527229549908773
2015-05-15,-0.0022648822606608416
2015-05-18,0.0005783380165722519
2015-05-19,-0.002484325391687867
2015-05-20,0.004095775858969594
2015-05-21,0.005182967158712889
2015-05-22,0.00386295742118425
2015-05-25,-0.004304828116207342
2015-05-26,-0.003932049173456627
2015-05-27,0.004478912827767634
2015-05-28,-0.0005763422278127518
2015-05-29,0.0006547863311633776
2015-06-01,-0.018935962002489634
2015-06-02,-0.020600831839089888
2015-06-03,0.0036971855365499694
2015-06-04,0.003636469250806049
2015-06-05,0.012147454971548656
2015-06-08,0.006769304951167071
2015-06-09,0.002773910401344334
2015-06-10,0.0011308996487094573
2015-06-11,-0.010413923425675185
2015-06-12,0.008065407117060563
2015-06-15,-0.0038286881229831413
2015-06-16,0.0050198756366669475
2015-06-17,0.00260033316350451
2015-06-18,0.0031767761660696082
2015-06-19,0.008141401724348582
2015-06-22,-0.002918928895829445
2015-06-23,-0.0020978814529564052
2015-06-24,-0.005846891786815467
2015-06-25,-0.0020172161876120254
2015-06-26,0.014327525712409923
2015-06-29,-0.0019065493329630287
2015-06-30,0.010484930497548887
2015-07-01,0.0076080914699371265
2015-07-02,0.006834254332714541
2015-07-03,0.0074241210965772875
2015-07-06,-0.007114212439175749
2015-07-07,0.0039875814310834645
2015-07-08,0.013707296779877993
2015-07-09,-0.004566367490647971
2015-07-10,0.000623143315298076
2015-07-13,-0.004513273257292238
2015-07-14,0.0035360920897044013
2015-07-15,-0.007628241054926865
2015-07-16,0.013877438354006622
2015-07-17,-0.0020146783116754916
2015-07-20,-0.011341292576001943
2015-07-21,0.015326327286514216
2015-07-22,0.008764183158407192
2015-07-23,0.005148091851285592
2015-07-24,0.0052607003477943915
2015-07-27,-0.001862384062502039
2015-07-28,-0.0007863647981776497
2015-07-29,0.0067921538386370595
2015-07-30,0.008340999661678795
2015-07-31,0.008460899225152797
2015-08-03,0.002700407884886214
2015-08-04,-0.002731104744847264
2015-08-05,-0.0005366986334203179
2015-08-06,0.009876797692117273
2015-08-07,0.012519344919657872
2015-08-10,-0.0017304991206888282
2015-08-11,-0.00281843202035563
2015-08-12,0.010980397359581597
2015-08-13,0.006789192185067539
2015-08-14,0.006578065520202466
2015-08-17,-0.009498669303626677
2015-08-18,-0.001990059531731149
2015-08-19,-0.0031199642336334106
2015-08-20,0.0026632372723575807
2015-08-21,-0.012479535837847597
2015-08-24,0.011174022465071022
2015-08-25,0.003401054362804462
2015-08-26,0.004478696203838383
2015-08-27,-0.008473123015078982
2015-08-28,0.0007886370290546495
2015-08-31,0.011677202305255197
2015-09-01,-0.011557564819671365
2015-09-02,0.0034461444590204496
2015-09-03,0.006590439314515106
2015-09-04,-0.0045355768246976205
2015-09-07,0.007517929826148585
2015-09-08,-0.0016405522445132473
2015-09-09,0.010838132424252453
2015-09-10,0.00522009420340122
2015-09-11,0.002794927085827113
2015-09-14,0.017071327851312657
2015-09-15,0.007655171666992756
2015-09-16,0.011469085669186675
2015-09-17,-0.008516157377844363
2015-09-18,-0.004172856541749403
2015-09-21,0.007692552023454138
2015-09-22,0.008244894906654084
2015-09-23,0.000554079760078959
2015-09-24,0.007237812273805364
2015-09-25,-0.007466829969172708
2015-09-28,0.002710681805763034
2015-09-29,-0.008178270919502774
2015-09-30,0.003724564270224836
2015-10-01,-0.002889375257119941
2015-10-02,-0.004127980133154204
2015-10-05,0.001450392241461095
2015-10-06,0.01553968050955714
2015-10-07,-0.0070940938756433375
2015-10-08,-0.0038140049291350018
2015-10-09,0.009541313165882088
2015-10-12,-0.002388533359989369
2015-10-13,0.015154114217677098
2015-10-14,0.002780237630771038
2015-10-15,0.0017250553132084278
2015-10-16,0.0038550731109030308
2015-10-19,0.014929436772123224
2015-10-20,0.00624289227592536
2015-10-21,0.005133697063270452
2015-10-22,0.0030148621052000046
2015-10-23,-0.011499350666403719
2015-10-26,-0.006082176225161209
2015-10-27,0.012866752968298107
2015-10-28,0.00757502665537411
2015-10-29,0.005048518894722059
2015-10-30,0.006096501821973033
2015-11-02,-0.0033487444168980854
2015-11-03,0.003703714141376895
2015-11-04,-0.006206357042792104
2015-11-05,0.004130898570881284
2015-11-06,-0.004713080885655349
2015-11-09,-0.0007105586332494499
2015-11-10,0.004627318758651599
2015-11-11,-0.0016143016269636514
2015-11-12,0.006180655383042229
2015-11-13,0.004648306209828059
2015-11-16,0.0038756650963553863
2015-11-17,0.011595291062741393
2015-11-18,-0.010791077411769882
2015-11-19,-0.011770258230609988
2015-11-20,0.005929934335286218
2015-11-23,0.008526352760114278
2015-11-24,0.017093123421716563
2015-11-25,0.00705005439193201
2015-11-26,0.007641719986567449
2015-11-27,-0.006064640412059966
2015-11-30,0.007020974219752474
2015-12-01,0.006390711504602193
2015-12-02,-0.007446921513303347
2015-12-03,-0.006170540072384689
2015-12-04,0.00011175037760579253
2015-12-07,0.0033060300095210577
2015-12-08,-0.022558284309175967
2015-12-09,0.0015624440814951423
2015-12-10,0.0028468359688505465
2015-12-11,-0.0004146908781588667
2015-12-14,0.0031345991845319328
2015-12-15,0.004647249852824417
2015-12-16,-0.007093104297667816
2015-12-17,0.004329441347819596
2015-12-18,-0.0010104575978574222
2015-12-21,-0.006567030230315672
2015-12-22,0.0026731263507426346
2015-12-23,0.012901153918042384
2015-12-24,-0.010680924666601307
2015-12-25,-0.012224879326113346
2015-12-28,-0.012225329199403386
2015-12-29,0.016818494022353563
2015-12-30,-0.001012669989615282
2015-12-31,0.0005241059705072806
2016-01-01,-0.00529260575202061
2016-01-04,-0.006523582271051738
2016-01-05,-0.015214881280436042
2016-01-06,0.0023632503512441994
2016-01-07,0.003076478567371282
2016-01-08,-0.01481227241924235
2016-01-11,-0.007345193412205536
2016-01-12,-0.004952910049273666
2016-01-13,0.0007919803644842217
2016-01-14,0.0029530333359530994
2016-01-15,0.01000634374681162
2016-01-18,0.01191564815316902
2016-01-19,0.00954763609762668
2016-01-20,0.011732228252022872
2016-01-21,-0.008331333522362525
2016-01-22,-0.0034359341198368747
2016-01-25,0.010148878402160156
2016-01-26,0.0033092886297965184
2016-01-27,0.0011497737494053533
2016-01-28,-0.014831905341627493
2016-01-29,-0.013873943416867138
2016-02-01,0.00684711538024955
2016-02-02,0.003732611159267546
2016-02-03,-0.0013684609934877853
2016-02-04,-0.0023037738559809244
2016-02-05,-0.01280882101505474
2016-02-08,0.003969721112313182
2016-02-09,0.00927536639214039
2016-02-10,0.014137367833534913
2016-02-11,0.0013931036010891521
2016-02-12,-0.0006335734569600643
2016-02-15,-0.007767976365739271
2016-02-16,0.010785949321587166
2016-02-17,0.014654844233788569
2016-02-18,-0.0039053600488989336
2016-02-19,0.003326070157042019
2016-02-22,0.0017253608451112306
2016-02-23,-0.0035906185872646296
2016-02-24,-0.01897959649455488
2016-02-25,-0.0019279928438190016
2016-02-26,0.005859553150455181
2016-02-29,-0.010546416233908663
2016-03-01,-0.005711050124098292
2016-03-02,-0.0252684839031061
2016-03-03,0.011276221732003478
2016-03-04,0.005002210974401642
2016-03-07,0.0013638282316174779
2016-03-08,-0.0011637871045941973
2016-03-09,-0.004098265410550704
2016-03-10,0.0003695499620538227
2016-03-11,-0.0014825194568305147
2016-03-14,-0.0009868537635928493
2016-03-15,0.0007295110957003166
2016-03-16,0.0020052077242743074
2016-03-17,0.0133918273454188
2016-03-18,-0.010595459243717721
2016-03-21,0.0030957489991063326
2016-03-22,-0.00399648653932118
2016-03-23,-0.008115849494359569
2016-03-24,-0.01794536644100458
2016-03-25,0.005855137142705999
2016-03-28,-0.0069230339116122695
2016-03-29,-0.00507748778401915
2016-03-30,0.00467902954141439
2016-03-31,-0.007747784088700269
2016-04-01,0.0011283610413142429
2016-04-04,0.00032095676729389374
2016-04-05,0.007334747120333652
2016-04-06,0.009005127538986676
2016-04-07,-0.006014814766481108
2016-04-08,0.008257421877240307
2016-04-11,0.0001460347284061497
2016-04-12,0.0019023805119677021
2016-04-13,-0.000780108905106196
2016-04-14,0.0071243170753028644
2016-04-15,-0.008777603265456738
2016-04-18,0.003000674135683616
2016-04-19,0.010326238307901636
2016-04-20,-0.0013493593185118081
2016-04-21,0.017142179775881224
2016-04-22,-0.004967246780778619
2016-04-25,0.002629569043390339
2016-04-26,-0.002940868231361136
2016-04-27,-0.004030002484522381
2016-04-28,-0.008006167948676205
2016-04-29,-0.0034005317529349766
2016-05-02,0.0005021034150406285
2016-05-03,-0.005504777409034248
2016-05-04,0.007979165915830352
2016-05-05,0.013082613020915984
2016-05-06,-0.011311169211188254
2016-05-09,0.007598746886235114
2016-05-10,0.0024244806546899955
2016-05-11,0.0028665656555248234
2016-05-12,0.020603994620582693
2016-05-13,0.010554597166357003
2016-05-16,0.0035944787714430595
2016-05-17,0.002384913219570758
2016-05-18,-0.016325737185199852
2016-05-19,0.007179127331896512
2016-05-20,-0.00498949556895829
2016-05-23,0.0024058609940255746
2016-05-24,0.0017810450381546912
2016-05-25,0.008682812107974025
2016-05-26,0.017244023051739214
2016-05-27,0.008868818140182491
2016-05-30,0.011183589363209161
2016-05-31,-0.0008763456226249624
2016-06-01,0.004646188110200987
2016-06-02,0.00715399143820212
2016-06-03,-0.010517025481821485
2016-06-06,0.017332343353331378
2016-06-07,-0.0047189459680830005
2016-06-08,-0.009220346444449943
2016-06-09,0.014072353777369734
2016-06-10,0.017947508922850162
2016-06-13,-0.0046248459052042985
2016-06-14,-0.003906479641932386
2016-06-15,0.025895303505761677
2016-06-16,0.001900936889921165
2016-06-17,-0.01487246507512761
2016-06-20,-0.003898149985037759
2016-06-21,0.01701695027700819
2016-06-22,0.006272992513244392
2016-06-23,0.007016792645529052
2016-06-24,0.01079645942227607
2016-06-27,0.006406229516821017
2016-06-28,-0.0016656358471014271
2016-06-29,-0.01175449376059667
2016-06-30,0.004570966712469206
2016-07-01,-0.007928279327548977
2016-07-04,0.0005500918508744185
2016-07-05,0.015071768613450023
2016-07-06,0.005325202300446182
2016-07-07,0.001475932239958335
2016-07-08,0.0015254404466645641
2016-07-11,0.0068463419931326566
2016-07-12,0.00836987013169126
2016-07-13,-0.009534510196000663
2016-07-14,0.0024838345897863533
2016-07-15,0.01472517658304185
2016-07-18,0.007034949151132718
2016-07-19,-0.005121007200424796
2016-07-20,-0.00443702151565266
2016-07-21,-0.015495379937021114
2016-07-22,-0.0053470307285694236
2016-07-25,0.013855722150138482
2016-07-26,0.0004438087857596818
2016-07-27,-0.005840087677893468
2016-07-28,-0.003608964178277891
2016-07-29,0.00011403588783458023
2016-08-01,0.0001476306246569369
2016-08-02,-0.0018317897059176064
2016-08-03,-0.005152755524028497
2016-08-04,0.006092560691381424
2016-08-05,0.013308276533148113
2016-08-08,-0.003543656030718982
2016-08-09,-0.0033301749411142707
2016-08-10,0.010514824511338595
2016-08-11,-0.010709949184443443
2016-08-12,-0.0037311575831918964
2016-08-15,-0.0020247767796842692
2016-08-16,0.0023422527346325293
2016-08-17,-0.0011995104764994068
2016-08-18,-0.006092826715362433
2016-08-19,0.0034840507744832274
2016-08-22,-0.008501683218388904
2016-08-23,-0.012940109113683783
2016-08-24,-0.015226060426368235
2016-08-25,0.006989588302810027
2016-08-26,-0.012894844368126705
2016-08-29,0.004576458290339424
2016-08-30,0.006365672985368864
2016-08-31,0.007455194517116614
2016-09-01,-0.000397461780443413
2016-09-02,-0.0033856009747103366
2016-09-05,0.0016853706897755857
2016-09-06,-0.003749879277632597
2016-09-07,-0.009289618098407774
2016-09-08,0.011043519481902221
2016-09-09,-0.006155499669082796
2016-09-12,0.015367112000295904
2016-09-13,0.005118116412834211
2016-09-14,-0.002636454039020245
2016-09-15,0.004501181174582697
2016-09-16,0.010841195797124982
2016-09-19,-0.010027754002210575
2016-09-20,-0.006414183579543
2016-09-21,-0.007394140409408729
2016-09-22,0.0023202511918334716
2016-09-23,0.004234006970509317
2016-09-26,0.001231746743914035
2016-09-27,-0.004825678723240858
2016-09-28,-0.003227610530897292
2016-09-29,0.010496346138864635
2016-09-30,0.009935541395536342
2016-10-03,0.0020508423187585553
2016-10-04,-0.009484871538488444
2016-10-05,0.0060250143323770915
2016-10-06,0.003301273414386567
2016-10-07,0.003021843960657298
2016-10-10,0.014840252871004597
2016-10-11,0.007564317850708196
2016-10-12,-0.006795883633851116
2016-10-13,-0.006718084442330663
2016-10-14,0.012042510788841283
2016-10-17,0.0026457321414319825
2016-10-18,0.008096464056344004
2016-10-19,0.00014880323130514374
2016-10-20,-0.006595926814401643
2016-10-21,0.0035936112992486645
2016-10-24,0.013951323931492857
2016-10-25,0.004193086753577111
2016-10-26,-0.007524518048646597
2016-10-27,-0.0009668699868797402
2016-10-28,-0.0024273016619534987
2016-10-31,0.0029787521641283093
2016-11-01,0.009784433104062271
2016-11-02,0.01743431921254365
2016-11-03,0.0035159297576021365
2016-11-04,-0.001691892771685043
2016-11-07,0.002372785301984535
2016-11-08,0.0018869293551394416
2016-11-09,-0.0016383707260677264
2016-11-10,0.0019488332684256915
2016-11-11,0.0017623326476670915
2016-11-14,-0.0076441499233940524
2016-11-15,0.006150596059951868
2016-11-16,-0.0011336205036584922
2016-11-17,-0.006101952568660791
2016-11-18,0.00568786576242785
2016-11-21,-0.0021327437168401978
2016-11-22,0.015706041768276384
2016-11-23,0.005567253744674081
2016-11-24,0.0023490939562559807
2016-11-25,-0.00432621009899515
2016-11-28,-0.0015471296046021443
2016-11-29,0.008484226292821754
2016-11-30,-0.003819888421273447
2016-12-01,0.007749130165966785
2016-12-02,-0.015143712354031134
2016-12-05,0.0032436206292109156
2016-12-06,0.008162417246764888
2016-12-07,0.004330352119028086
2016-12-08,0.0015819215162775294
2016-12-09,0.009690720220059956
2016-12-12,-0.005234329628564922
2016-12-13,-0.006263352336356562
2016-12-14,0.0024417126441992325
2016-12-15,0.011220989612111227
2016-12-16,0.005052011039612001
2016-12-19,4.494100672750912e-05
2016-12-20,0.004000572829149543
2016-12-21,0.005137301378008694
2016-12-22,-0.008363663380795562
2016-12-23,-0.020896810467392432
2016-12-26,-0.0066048826799255745
2016-12-27,-0.010357455940772649
2016-12-28,-0.003040154469052497
2016-12-29,-0.008020122909130213
2016-12-30,-0.005330126728084926
2017-01-02,0.0050702211913565215
2017-01-03,0.0023880811351005247
2017-01-04,0.0014269671946078412
2017-01-05,0.014920828041177892
2017-01-06,-0.002028236518046105
2017-01-09,-0.0013750539664906546
2017-01-10,0.011809207364798228
2017-01-11,-0.007202795886453951
2017-01-12,-0.011340619133943457
2017-01-13,0.012178636467455158
2017-01-16,0.004427819116984189
2017-01-17,0.00655157707312219
2017-01-18,0.006859224594804574
2017-01-19,0.009004101437553653
2017-01-20,-0.001987370003052736
2017-01-23,0.0011981296796956971
2017-01-24,-0.007084731917063546
2017-01-25,0.002943141226028465
2017-01-26,0.0036996336765271485
2017-01-27,-0.001771099020593
2017-01-30,0.00721256395617981
2017-01-31,0.02551699209739455
2017-02-01,-0.0073165713305706195
2017-02-02,0.008559646054086349
2017-02-03,0.009487238566118873
2017-02-06,0.010492561438009192
2017-02-07,-0.0044519912426531074
2017-02-08,0.011571226286789044
2017-02-09,0.0072518296865356924
2017-02-10,0.0010380456501687125
2017-02-13,-0.0006820878428243004
2017-02-14,0.004041515815343271
2017-02-15,0.009572200117216517
2017-02-16,0.009193395365608866
2017-02-17,0.020462883905128685
2017-02-20,-0.0006517491536088484
2017-02-21,0.007159861946319147
2017-02-22,-0.0012195580642207176
2017-02-23,0.008489657741211838
2017-02-24,0.003290522842125602
2017-02-27,-0.002538935939258418
2017-02-28,-0.008365855806286862
2017-03-01,-0.003905023674104894
2017-03-02,0.004177498219629485
2017-03-03,0.014015744676603829
2017-03-06,0.008446441369853072
2017-03-07,-0.007330954690762792
2017-03-08,-0.0016689013996601634
2017-03-09,0.002472518676279862
2017-03-10,0.0010906093104954794
2017-03-13,0.00252140912406922
2017-03-14,0.008130440921192144
2017-03-15,0.0035109429588232707
2017-03-16,-0.0038092690070142352
2017-03-17,-0.013757496277920465
2017-03-20,-0.0011255371384461988
2017-03-21,-0.011901946165305939
2017-03-22,0.0001642936095561867
2017-03-23,0.0039074707553291635
2017-03-24,-0.009399005670077822
2017-03-27,7.32089270229873e-05
2017-03-28,-0.0016173327769806374
2017-03-29,0.01624863064531174
2017-03-30,0.004590144739759664
2017-03-31,-0.014206275935177308
2017-04-03,0.0043637337022438254
2017-04-04,0.004090384785526427
2017-04-05,-0.0008794623712726796
2017-04-06,-0.0023101107459414585
2017-04-07,0.005435740280636718
2017-04-10,0.005910801087848572
2017-04-11,0.00405624055342881
2017-04-12,-0.007417014649606352
2017-04-13,-0.0015138148883496062
2017-04-14,-0.012003673682605572
2017-04-17,-0.011535118192489011
2017-04-18,-0.004078346776965473
2017-04-19,-0.008060651607198918
2017-04-20,-0.0029648822951813224
2017-04-21,0.02014217773736532
2017-04-24,0.004220341099677003
2017-04-25,-0.006847211500108912
2017-04-26,-0.017091678343480302
2017-04-27,-0.006542674788401228
2017-04-28,-0.011346903875624238
2017-05-01,-0.017492239823211103
2017-05-02,0.005840357416106993
2017-05-03,-0.0038203668322673917
2017-05-04,0.0035316101628241844
2017-05-05,0.024729905687205424
2017-05-08,0.002172606597973335
2017-05-09,0.0009406494433421356
2017-05-10,0.0027933277687876654
2017-05-11,-0.002131979201622705
2017-05-12,-0.006616017229158686
2017-05-15,-0.0016999509682022397
2017-05-16,0.009145877607802482
2017-05-17,-0.0021469296209497917
2017-05-18,-0.010936391667664629
2017-05-19,-0.009948456816856778
2017-05-22,-0.008197948725546043
2017-05-23,0.0001423243369877592
2017-05-24,0.003925664800563009
2017-05-25,0.003946710560996042
2017-05-26,0.009648556370573127
2017-05-29,-0.0014532244518154526
2017-05-30,0.006915371650252829
2017-05-31,0.0028947834809803265
2017-06-01,0.0059955608941794185
2017-06-02,-0.014325811742650331
2017-06-05,0.010433028515115912
2017-06-06,-0.011847564396900132
2017-06-07,-0.008449669791095717
2017-06-08,0.006828318300714583
2017-06-09,-0.002453226764758093
2017-06-12,0.014831617345430533
2017-06-13,0.002016422518458783
2017-06-14,-0.007458206959295701
2017-06-15,0.002027146335203135
2017-06-16,-0.0024079481544913785
2017-06-19,0.013240426061607344
2017-06-20,0.013873443304208307
2017-06-21,0.006761021661990023
2017-06-22,-0.002379990669536386
2017-06-23,0.0015545219253932682
2017-06-26,0.009282074679407445
2017-06-27,-0.0055092404468314845
2017-06-28,-0.005453839015764744
2017-06-29,0.0077091155342393775
2017-06-30,0.006807936932783504
2017-07-03,-0.0009361048426238833
2017-07-04,-0.0012261306010612231
2017-07-05,-0.014688999813272083
2017-07-06,0.010389190040664041
2017-07-07,-8.825629204755854e-06
2017-07-10,-0.010490165789659247
2017-07-11,-0.008080169502809709
2017-07-12,-0.006202408743363456
2017-07-13,0.014575695869741459
2017-07-14,0.006480459817704171
2017-07-17,-0.009731538446693493
2017-07-18,0.01581027452512864
2017-07-19,0.0116814334532181
2017-07-20,-0.007489927181688282
2017-07-21,-0.0202879370173534
2017-07-24,0.008691988930159678
2017-07-25,-0.0038222251658409905
2017-07-26,-9.027832804025821e-05
2017-07-27,-0.0031992654335485744
2017-07-28,0.011074304978675033
2017-07-31,0.012831813567243524
2017-08-01,0.007480942330088381
2017-08-02,-0.00020509484247314795
2017-08-03,0.003094748674386957
2017-08-04,0.005969452589984043
2017-08-07,-0.01159709110658282
2017-08-08,0.010947052098878734
2017-08-09,-0.0015495978981975656
2017-08-10,0.0031045649409885702
2017-08-11,0.0021200152518521956
2017-08-14,0.008266530953737243
2017-08-15,0.009571854151341382
2017-08-16,0.018705598485405376
2017-08-17,-0.0017798284652576018
2017-08-18,-0.0061724166632333
2017-08-21,0.002158497896333577
2017-08-22,-0.0041346134484515655
2017-08-23,0.008000822189892329
2017-08-24,-0.005327377161509419
2017-08-25,0.0022029047939932447
2017-08-28,0.008670596266783109
2017-08-29,0.009274620159556459
2017-08-30,0.0028114501027999856
2017-08-31,0.01247309025622654
2017-09-01,0.01148706474723004
2017-09-04,-0.012399945818948238
2017-09-05,0.004082532958889461
2017-09-06,0.0026611448191664667
2017-09-07,-0.0011584510444305747
2017-09-08,-0.0038581818908549597
2017-09-11,0.0016006231374084087
2017-09-12,0.004349916382195507
2017-09-13,0.0034692359083235732
2017-09-14,0.012199092980094809
2017-09-15,0.009224912000685408
2017-09-18,-0.0034260747568428786
2017-09-19,-0.004779838740143419
2017-09-20,0.008073837684752642
2017-09-21,-0.004279613475522566
2017-09-22,0.00263028543276573
2017-09-25,0.0051093801069666414
2017-09-26,0.009542777775968295
2017-09-27,0.005438964503979552
2017-09-28,0.012869045696548693
2017-09-29,-0.002359292206359458
2017-10-02,0.006680325267539045
2017-10-03,-0.0039433418706433816
2017-10-04,0.002814870207651114
2017-10-05,0.0023154410455431726
2017-10-06,-0.00610328057884317
2017-10-09,-0.01950622771845009
2017-10-10,0.008976740239022826
2017-10-11,0.004233834335409109
2017-10-12,0.002457925561165573
2017-10-13,-0.004273156751783136
2017-10-16,-0.0013316792570378425
2017-10-17,0.004975338165625342
2017-10-18,0.001492457141406763
2017-10-19,0.0106067536841272
2017-10-20,0.002265613428602567
2017-10-23,-0.005242783404268067
2017-10-24,0.006204985539427081
2017-10-25,-0.0037486434667518605
2017-10-26,0.003043993826032149
2017-10-27,-0.013177831108185576
2017-10-30,-0.0015004543920518077
2017-10-31,0.0057441048387834965
2017-11-01,-0.003934258062053546
2017-11-02,0.0010444965065717295
2017-11-03,0.005971974368171048
2017-11-06,0.0017849918905973932
2017-11-07,0.015525791471659289
2017-11-08,-0.0008377566260678022
2017-11-09,-0.00020498658639480347
2017-11-10,-5.74325275466722e-05
2017-11-13,-0.014587830609504717
2017-11-14,-0.011046312700181346
2017-11-15,0.005485006875173443
2017-11-16,-0.0014142823183491255
2017-11-17,0.01232924994818279
2017-11-20,0.0005928968976983244
2017-11-21,-0.0001434037248021242
2017-11-22,0.009446323211117328
2017-11-23,0.003428089297322678
2017-11-24,0.014047211736912184
2017-11-27,-0.007239185858932036
2017-11-28,0.004738301822083981
2017-11-29,0.0066591652575654445
2017-11-30,0.005675905515213682
2017-12-01,0.01045174016865856
2017-12-04,0.009485629559812012
2017-12-05,0.001560585538197668
2017-12-06,-0.003173595442281958
2017-12-07,0.009155832583624231
2017-12-08,0.0017437396422813724
2017-12-11,0.009049539428659433
2017-12-12,0.012235057003337855
2017-12-13,0.0030679828870506065
2017-12-14,-0.005713110560308241
2017-12-15,-0.000509606945592646
2017-12-18,0.007862145163691889
2017-12-19,-0.00030970694099757747
2017-12-20,0.011042861569230136
2017-12-21,0.0019762599192937455
2017-12-22,0.0027471705048215927
2017-12-25,-0.0032939621905536867
2017-12-26,0.0009349141564165434
2017-12-27,0.010490199275907164
2017-12-28,-0.0010062712318642981
2017-12-29,-0.0009451940590853921
2018-01-01,-0.004527237959576999
2018-01-02,0.007929847770597877
2018-01-03,-0.01050456242257164
2018-01-04,-0.0035852564744881955
2018-01-05,0.008899823741193847
2018-01-08,0.012978524925530959
2018-01-09,-0.00019714383159890225
2018-01-10,0.009271868959204108
2018-01-11,-0.014319918095312668
2018-01-12,0.0075906513121720785
2018-01-15,0.003858226728207367
2018-01-16,-0.008274302775990519
2018-01-17,-0.0127340824103847
2018-01-18,-0.002548145319512671
2018-01-19,0.0035613093268615694
2018-01-22,0.004428428057176684
2018-01-23,0.002362630785661336
2018-01-24,0.0076402350747191055
2018-01-25,0.007073558059349093
2018-01-26,-0.009601235218623449
2018-01-29,-0.001605389546026206
2018-01-30,-0.002637454886868486
2018-01-31,0.009660533780347723
2018-02-01,-0.0024944643960679133
2018-02-02,0.009486370060075563
2018-02-05,0.0021750435688379943
2018-02-06,0.020203738398007966
2018-02-07,0.0010459657368144374
2018-02-08,0.0014761384346210914
2018-02-09,0.0005457855898272263
2018-02-12,0.002614569284987452
2018-02-13,0.020863022579276826
2018-02-14,-0.0025966702409837995
2018-02-15,-0.005545798881195707
2018-02-16,-0.000159874104850289
2018-02-19,0.006789001521014918
2018-02-20,-0.006495425531906931
2018-02-21,0.007768459849505068
2018-02-22,0.007501645135018286
2018-02-23,6.509247649031324e-05
2018-02-26,-0.0006395595106229639
2018-02-27,-0.004933204161563785
2018-02-28,-0.0008308429257695021
2018-03-01,-0.005038909410438617
2018-03-02,0.011291572263203667
2018-03-05,0.014354508510741805
2018-03-06,-0.00093295365552373
2018-03-07,0.00100321854176304
2018-03-08,-0.013862234637346114
2018-03-09,-0.0029143384915067457
2018-03-12,0.004017604815583331
2018-03-13,0.003482347666333714
2018-03-14,0.002278080562310671
2018-03-15,0.008047991749325384
2018-03-16,0.0020121139835875567
2018-03-19,-0.001822239287246554
2018-03-20,0.014074395970713627
2018-03-21,-0.01405918274141333
2018-03-22,-0.007984823389459217
2018-03-23,-0.0046483841713238164
2018-03-26,-0.004591198273326002
2018-03-27,-0.004963754387264926
2018-03-28,-0.0005890719734600734
2018-03-29,-0.00450102480044987
2018-03-30,0.0007233884662452822
2018-04-02,0.005877134044485685
2018-04-03,0.0013741832067456824
2018-04-04,0.0021982687870926877
2018-04-05,-0.006342061250472419
2018-04-06,-0.007947598567576365
2018-04-09,-0.0012235065834075459
2018-04-10,0.00848923874395653
2018-04-11,0.004095873943885026
2018-04-12,0.009761691433248634
2018-04-13,0.009009167283265063
2018-04-16,0.010041361403190396
2018-04-17,-0.0053462465918946035
2018-04-18,0.010956360802907288
2018-04-19,0.007123080507811421
2018-04-20,0.01761824561695467
2018-04-23,0.005781680905612143
2018-04-24,0.003683683467635243
2018-04-25,6.053709298425565e-05
2018-04-26,0.0024038995845825613
2018-04-27,-0.012060350708121063
2018-04-30,-0.0008947039638248324
2018-05-01,0.0007914731884684826
2018-05-02,0.008972206847593825
2018-05-03,-0.004124345894664957
2018-05-04,0.0021496807371496974
2018-05-07,0.015620406284428678
2018-05-08,-0.0031122489334779032
2018-05-09,0.007799010345941489
2018-05-10,-0.003144538351835607
2018-05-11,0.0003025972280113514
2018-05-14,0.00475990051519055
2018-05-15,0.008113698745662257
2018-05-16,-0.0028142384849634355
2018-05-17,-0.00701678480073614
2018-05-18,0.013150890800626275
2018-05-21,0.002583921049367773
2018-05-22,0.007402087361239143
2018-05-23,0.008348629321619587
2018-05-24,0.00711447458211292
2018-05-25,-0.0009692584768052608
2018-05-28,2.4732841551772244e-05
2018-05-29,-0.01121976601663173
2018-05-30,0.002530676495562714
2018-05-31,-0.002615815785302468
2018-06-01,0.0009231577356869174
2018-06-04,0.015910007752001958
2018-06-05,0.006549999688056868
2018-06-06,0.001523771277579848
2018-06-07,-0.009661957216772269
2018-06-08,0.0068696886791016175
2018-06-11,0.013145226725125511
2018-06-12,-0.0054037395317828255
2018-06-13,0.00446059732612822
2018-06-14,-0.0029845717670268024
2018-06-15,-9.302359061521344e-05
2018-06-18,-0.0017834206636098428
2018-06-19,-0.011611783267192012
2018-06-20,-0.002944569170801166
2018-06-21,-0.01168203881253978
2018-06-22,0.012025811917975457
2018-06-25,0.009311115035885956
2018-06-26,0.001440542858455835
2018-06-27,0.0032942182738713013
2018-06-28,0.0015498336407860627
2018-06-29,0.0026609376181086046
2018-07-02,0.002639242644511402
2018-07-03,-0.0007887258124132642
2018-07-04,-0.0002150087373128161
2018-07-05,-0.009483460333715433
2018-07-06,-0.006784278507678087
2018-07-09,-0.003670957173632315
2018-07-10,0.002731420850702191
2018-07-11,-0.0018267710925303272
2018-07-12,0.016087072988200498
2018-07-13,-0.0003899547041613478
2018-07-16,-0.0017028341074511416
2018-07-17,0.004503501338272606
2018-07-18,0.009196368171871847
2018-07-19,0.0156670941907388
2018-07-20,0.008767043890654507
2018-07-23,-0.0035071110081130955
2018-07-24,-0.00021613553579951815
2018-07-25,0.009374160990826826
2018-07-26,0.003152004077704135
2018-07-27,0.0074116505169999555
2018-07-30,0.0005531957742827626
2018-07-31,0.013705837194109387
2018-08-01,0.012501349945726485
2018-08-02,0.009985216619678904
2018-08-03,0.0023946453790149582
2018-08-06,-0.011456235968317852
2018-08-07,-0.00939261419043928
2018-08-08,0.003739170659112615
2018-08-09,0.006310562168143279
2018-08-10,-0.021609718137449097
2018-08-13,-0.002512863870728356
2018-08-14,0.010217600229816628
2018-08-15,0.008679903152250291
2018-08-16,-0.0026787476974830973
2018-08-17,0.00620054096863054
2018-08-20,0.0014572371389397053
2018-08-21,-0.00048466585753213667
2018-08-22,0.009987856219877533
2018-08-23,0.010144243830546597
2018-08-24,-0.002867900529909827
2018-08-27,-0.006150749921811327
2018-08-28,-0.008982024171846709
2018-08-29,-0.00987066892941104
2018-08-30,0.011679206290057621
2018-08-31,0.0159186101463498
2018-09-03,0.0029239188282051427
2018-09-04,0.009503380193343583
2018-09-05,-0.0040635314679319905
2018-09-06,0.0007460358781490555
2018-09-07,0.008450514793615154
2018-09-10,0.003759836500249558
2018-09-11,0.0010202949560719522
2018-09-12,-0.011690044054964387
2018-09-13,-0.010046290746487392
2018-09-14,-0.0019309769062779208
2018-09-17,-0.0030177634086491325
2018-09-18,0.0007282705246708997
2018-09-19,-0.003673894159600944
2018-09-20,-0.0003924299794665156
2018-09-21,0.001781290572695613
2018-09-24,0.005328174332667205
2018-09-25,0.0018182822341370154
2018-09-26,-0.0029762688897158893
2018-09-27,-0.000869011780908417
2018-09-28,0.008354257924704924
2018-10-01,-0.0003126381869258308
2018-10-02,-0.006248651396794615
2018-10-03,-0.006568352778092252
2018-10-04,0.0034892683245693413
2018-10-05,0.005637538578357498
2018-10-08,0.010810778697239232
2018-10-09,-0.0012372199630528336
2018-10-10,0.011988296810627824
2018-10-11,-0.0014478353970780087
2018-10-12,-0.0005572548888892624
2018-10-15,-0.003174169000809325
2018-10-16,0.0053292192124084125
2018-10-17,0.009401197234342799
2018-10-18,0.0010399632635478971
2018-10-19,-0.002668482971381659
2018-10-22,-0.010783434082992129
2018-10-23,0.0023770346657629596
2018-10-24,-0.0014508854602810727
2018-10-25,-0.00035223075920280526
2018-10-26,-0.00370007456233547
2018-10-29,-0.005604615230285898
2018-10-30,-0.0021410746333439036
2018-10-31,0.004676402492832915
2018-11-01,0.008637190122547735
2018-11-02,0.001090276341618869
2018-11-05,0.003688453566650805
2018-11-06,-0.00036032526284756434
2018-11-07,0.00020136380546925518
2018-11-08,-0.009456799359202111
2018-11-09,0.008023854241560827
2018-11-12,0.005794085403370361
2018-11-13,0.012475449751281061
2018-11-14,-0.0035964560543103293
2018-11-15,0.002157220786434594
2018-11-16,-0.006007561400181948
2018-11-19,0.0030316683540105114
2018-11-20,0.00020818583556216552
2018-11-21,0.006413987512016411
2018-11-22,3.677971872940414e-05
2018-11-23,0.0061598682391281
2018-11-26,-0.002637187194061602
2018-11-27,0.005785229453677025
2018-11-28,-0.0011730958472408737
2018-11-29,-0.0022154856052459043
2018-11-30,0.0018568891014688824
2018-12-03,0.004031938029774777
2018-12-04,-0.009755066217956201
2018-12-05,-0.010577418458567148
2018-12-06,0.002645494842653806
2018-12-07,0.0007431824275944559
2018-12-10,-0.014575984147419879
2018-12-11,-0.012018692129984063
2018-12-12,-0.004766480799220934
2018-12-13,0.003667217660164664
2018-12-14,0.0027713283506751504
2018-12-17,0.008998643556221066
2018-12-18,0.01027427353808981
2018-12-19,0.019560260489880105
2018-12-20,-0.009978879241310995
2018-12-21,0.000889718996502051
2018-12-24,0.009457748776997434
2018-12-25,-0.008531734995374927
2018-12-26,-0.009725127506126342
2018-12-27,0.0027345330922543018
2018-12-28,0.009701506718037763
2018-12-31,0.01092524191265342
2019-01-01,-0.012582541740030737
2019-01-02,-0.008214516859599275
2019-01-03,0.0004611340731060918
2019-01-04,-0.0028942278070031723
2019-01-07,0.003715654015641327
2019-01-08,0.002254042853963803
2019-01-09,0.014887288192545717
2019-01-10,0.0007324603583330558
2019-01-11,0.0026397819341360696
2019-01-14,0.001815703271629617
2019-01-15,0.009813151775497405
2019-01-16,-0.007396614802244792
2019-01-17,0.00423045934434983
2019-01-18,-0.004757354499701609
2019-01-21,-0.009762683376520018
2019-01-22,0.010410294822000798
2019-01-23,0.005341467305650574
2019-01-24,0.012123746008032687
2019-01-25,0.0032621240576439243
2019-01-28,0.00633688253369907
2019-01-29,0.0023549852876005497
2019-01-30,0.0057339870065031915
2019-01-31,-0.0018872749954314408
2019-02-01,0.014612820194713244
2019-02-04,-0.005561575989988387
2019-02-05,0.014646083381695513
2019-02-06,-0.00018868769642143776
2019-02-07,0.008137415409599169
2019-02-08,0.002446437889858429
2019-02-11,0.004858284273971801
2019-02-12,0.012992244057840257
2019-02-13,0.0025099073545766883
2019-02-14,-0.0059591642006416165
2019-02-15,0.0032784076449672997
2019-02-18,0.006479417666489283
2019-02-19,-0.017749394963235365
2019-02-20,0.009044159905852889
2019-02-21,0.009948854306654677
2019-02-22,-0.012406147694782352
2019-02-25,0.00021710984920015578
2019-02-26,0.007850180379786978
2019-02-27,-0.007634169203948095
2019-02-28,-0.0018703806522519912
2019-03-01,-0.0012360168151698474
2019-03-04,0.005803674783685197
2019-03-05,0.010148908209180945
2019-03-06,0.0011835982268769188
2019-03-07,0.0019229465415085791
2019-03-08,0.008695549494608894
2019-03-11,0.005682889240427469
2019-03-12,0.0005684071019023903
2019-03-13,0.011868349987216122
2019-03-14,-0.009682341136478038
2019-03-15,0.0026165229369867907
2019-03-18,-0.0018832372518888954
2019-03-19,-0.0025399856705466514
2019-03-20,0.0029708363383851672
2019-03-21,0.001716357319019121
2019-03-22,0.02073522231054832
2019-03-25,0.006474899375432535
2019-03-26,0.004175682123407144
2019-03-27,0.01439712361376011
2019-03-28,0.00939498657717949
2019-03-29,-0.013250118537770882
2019-04-01,0.0023635981285284723
2019-04-02,0.007254905978379404
2019-04-03,-0.0033667342008919564
2019-04-04,0.003719051462083225
2019-04-05,-0.0022127448735958437
2019-04-08,0.0043291732589877275
2019-04-09,-0.011460558955739667
2019-04-10,-0.01399400688058653
2019-04-11,-0.002978652646977627
2019-04-12,0.0031193722171220717
2019-04-15,0.01182511760310527
2019-04-16,-0.0008590534296127035
2019-04-17,-0.0045848497423643655
2019-04-18,0.008536181649429379
2019-04-19,0.0015824198398837566
2019-04-22,0.015523346064052014
2019-04-23,0.0005940870971111781
2019-04-24,-0.014076141189068393
2019-04-25,-0.005009543800659433
2019-04-26,-0.006240883750219095
2019-04-29,-0.009719303366057
2019-04-30,-0.004859909519946721
2019-05-01,-0.004189769477974168
2019-05-02,-0.001004101172087987
2019-05-03,-0.0030933098324766855
2019-05-06,0.004452284532874733
2019-05-07,0.00448718847615575
2019-05-08,0.0026174385449831555
2019-05-09,0.002777681719767207
2019-05-10,-0.013673936500384974
2019-05-13,-0.0119720753976836
2019-05-14,-0.005750003971412897
2019-05-15,0.003213875623534991
2019-05-16,-0.010372579292606678
2019-05-17,-0.002131188700244411
2019-05-20,0.0031577928609272427
2019-05-21,0.016893660787355793
2019-05-22,0.003254149376254066
2019-05-23,-0.0030474087896221426
2019-05-24,0.00981920778428107
2019-05-27,0.002794714190340579
2019-05-28,-0.0012055345805012906
2019-05-29,0.009958658202675597
2019-05-30,-0.006125508857172235
2019-05-31,0.002643471183885623
2019-06-03,0.0017499996953010328
2019-06-04,0.008257965789294825
2019-06-05,-0.007993705471555607
2019-06-06,-0.009183128524859453
2019-06-07,-0.0020268099385354573
2019-06-10,-0.001131133002045781
2019-06-11,0.0013649993070733726
2019-06-12,-0.0019501679550281079
2019-06-13,0.004432860473417473
2019-06-14,0.006476767094409437
2019-06-17,0.00276964668768721
2019-06-18,-0.007371547388853456
2019-06-19,0.010129422878654374
2019-06-20,-0.011192632522424667
2019-06-21,-0.0006716255896911157
2019-06-24,0.008019233158574363
2019-06-25,-0.003945568577097197
2019-06-26,0.011197540651484872
2019-06-27,0.016126260744578586
2019-06-28,0.013441498992696983
2019-07-01,0.004384906059672497
2019-07-02,0.008720111248646403
2019-07-03,-0.0031471179586524426
2019-07-04,0.0041065483416140485
2019-07-05,0.004544858337935267
2019-07-08,0.0016679959343499115
2019-07-09,0.002155178737278939
2019-07-10,-0.0007211843070754796
2019-07-11,-0.01466282432420363
2019-07-12,0.004105152025292319
2019-07-15,0.003417689838943482
2019-07-16,0.0172344435309038
2019-07-17,0.006581725138386503
2019-07-18,0.0014648645964315335
2019-07-19,0.00787580970422368
2019-07-22,0.005879161433123893
2019-07-23,0.000795534476953862
2019-07-24,-0.0020988033388257337
2019-07-25,-0.010743992786279091
2019-07-26,0.0019072282350805672
2019-07-29,0.013859425244187852
2019-07-30,-0.013909233118186703
2019-07-31,-0.006629146754652602
2019-08-01,0.006946228788630649
2019-08-02,0.0024687957122899395
2019-08-05,0.004275024115646507
2019-08-06,-0.013862189924816259
2019-08-07,-0.0037567229983977626
2019-08-08,0.004956318130613534
2019-08-09,0.005623190304190969
2019-08-12,0.003286499903090885
2019-08-13,-0.006088676177235882
2019-08-14,0.005232261019934713
2019-08-15,-0.008574533026570248
2019-08-16,-0.006552314884462965
2019-08-19,-0.008341830162703904
2019-08-20,0.01240776977661677
2019-08-21,-0.0023552236512081764
2019-08-22,0.0013680331598910707
2019-08-23,-0.016587391937666666
2019-08-26,0.009650438009385795
2019-08-27,0.0046174889344673085
2019-08-28,-0.012264184653334679
2019-08-29,-0.01187857723835756
2019-08-30,0.014143382905422525
2019-09-02,-0.0066095711109443785
2019-09-03,0.01559231545021159
2019-09-04,-0.00282321307181098
2019-09-05,-0.018886689822688905
2019-09-06,0.009746731095911947
2019-09-09,0.004915889401662683
2019-09-10,0.006345363338536195
2019-09-11,-0.0031512721208632553
2019-09-12,-0.0008026440028156344
2019-09-13,0.008537178965926887
2019-09-16,-0.005663804571071475
2019-09-17,-0.014801831730648984
2019-09-18,0.0081387733348353
2019-09-19,-0.004057979706769387
2019-09-20,0.011063267230291766
2019-09-23,-0.002965037975497524
2019-09-24,-0.0025260307846752257
2019-09-25,-0.0011289965352891964
2019-09-26,-0.017930522812947738
2019-09-27,0.010269120548129129
2019-09-30,-0.004145986597961285
2019-10-01,-0.0006857827594516064
2019-10-02,0.012573122241334517
2019-10-03,0.0017997146619149905
2019-10-04,0.008032590494504898
2019-10-07,0.003561944156351668
2019-10-08,0.007053672155103456
2019-10-09,0.003098359544308918
2019-10-10,0.010110348153551378
2019-10-11,-0.0007931108231191901
2019-10-14,0.004572112159695975
2019-10-15,-0.004771372941551703
2019-10-16,0.010370990752771165
2019-10-17,-0.016550018015944225
2019-10-18,0.002382036308861932
2019-10-21,0.003783247663412822
2019-10-22,0.0036323347786692602
2019-10-23,0.0008416725054352145
2019-10-24,0.01160844104389544
2019-10-25,0.01781143160547527
2019-10-28,-0.003859166575130339
2019-10-29,-0.01436070177059923
2019-10-30,-0.007793431397435906
2019-10-31,-0.005595062232278779
2019-11-01,-0.00018481819305478028
2019-11-04,0.00045890406272057027
2019-11-05,0.009523723211225056
2019-11-06,-0.002514426484358408
2019-11-07,0.0006029649509004243
2019-11-08,0.0017770673132029382
2019-11-11,-0.006125439768339835
2019-11-12,-0.001642682638237965
2019-11-13,0.022940730119415255
2019-11-14,0.0001589382098293456
2019-11-15,-0.006802545590816082
2019-11-18,-0.01652157103865011
2019-11-19,0.00919299104605937
2019-11-20,-0.0016850395082715643
2019-11-21,-0.004179626470458066
2019-11-22,0.020446747488055823
2019-11-25,0.01234622019034641
2019-11-26,-0.01280264208353004
2019-11-27,-0.001891382514251824
2019-11-28,0.008870669977393799
2019-11-29,0.0075660143390057005
2019-12-02,-0.008016798971800392
2019-12-03,0.015096754546200866
2019-12-04,0.0156864572167412
2019-12-05,-0.007982122458824705
2019-12-06,-0.013242640329607012
2019-12-09,-0.010245509641771487
2019-12-10,0.006206254471052081
2019-12-11,0.009497485814015123
2019-12-12,0.0023393364094424066
2019-12-13,-0.003903718374572599
2019-12-16,0.00011079138644519903
2019-12-17,0.0053620388651352165
2019-12-18,-0.00886141473144832
2019-12-19,-0.012734685999681635
2019-12-20,0.00015508743072892067
2019-12-23,0.010706465586946677
2019-12-24,0.0023587274674680483
2019-12-25,0.002381055501390726
2019-12-26,-0.004569935594675867
2019-12-27,0.008181977093890356
2019-12-30,-0.012841609328997874
2019-12-31,0.00029255806909195747
2020-01-01,-0.003938629213435242
2020-01-02,-0.0004293959652761736
2020-01-03,-0.00661752624487997
2020-01-06,0.0067810008843792735
2020-01-07,0.00016360606308376885
2020-01-08,-0.003995730484328332
2020-01-09,0.004843661489498677
2020-01-10,0.00034724141443782345
2020-01-13,-0.0034008445421149875
2020-01-14,-0.003972144942923466
2020-01-15,0.00696986608916498
2020-01-16,-0.006775527353883712
2020-01-17,-0.0010455214494646263
2020-01-20,-0.001419863752043529
2020-01-21,0.003230604063588795
2020-01-22,-0.0008276695194985723
2020-01-23,0.017969899799970553
2020-01-24,-0.013258833785542514
2020-01-27,0.005450501632224888
2020-01-28,0.0004480397519637327
2020-01-29,0.009575670933530917
2020-01-30,-0.012292134652180813
2020-01-31,0.010434088374523854
2020-02-03,-0.010363315145797476
2020-02-04,0.006221271281693061
2020-02-05,0.004783844152986582
2020-02-06,0.0009373569678225997
2020-02-07,-0.005208040598432948
2020-02-10,-0.005843912871697727
2020-02-11,0.0014689137341872675
2020-02-12,-0.00532409296089711
2020-02-13,-0.01492293273905131
2020-02-14,-0.013776556036774069
2020-02-17,0.00708548483177548
2020-02-18,0.007284005440660517
2020-02-19,0.004829780486288387
2020-02-20,0.0010980726052315902
2020-02-21,0.0037700759365560965
2020-02-24,0.004697029980093288
2020-02-25,0.0027590095799095134
2020-02-26,-0.005580253997332335
2020-02-27,-0.005102847014004281
2020-02-28,-0.008445044811487529
2020-03-02,0.0019895137985471603
2020-03-03,-0.007147188194567195
2020-03-04,-0.00048168487959796957
2020-03-05,0.011316769062148464
2020-03-06,-0.002206131981076555
2020-03-09,0.00858160927394511
2020-03-10,0.013293173420124194
2020-03-11,-0.013769660163435612
2020-03-12,-0.0106400307238728
2020-03-13,0.0046286268087567875
2020-03-16,-0.004820476046421819
2020-03-17,0.005139811581313085
2020-03-18,0.00652701734066898
2020-03-19,-0.00323230577734724
2020-03-20,0.007498738994333347
2020-03-23,0.014847172048322487
2020-03-24,0.008555855628220435
2020-03-25,-0.0060821429395896
2020-03-26,-0.00023696482081584833
2020-03-27,-0.0033568161956053066
2020-03-30,0.013490739026769883
2020-03-31,-0.0005888335637694096
2020-04-01,-0.004555376769172094
2020-04-02,0.0013493743433847412
2020-04-03,0.005099748704432152
2020-04-06,-0.002010650343377415
2020-04-07,0.001856463331772
2020-04-08,0.0010199343105453454
2020-04-09,0.006932653441274948
2020-04-10,0.008823199383326968
2020-04-13,0.003237481599365881
2020-04-14,-0.0026828634283641573
2020-04-15,0.004311653102648791
2020-04-16,-0.006060637735769327
2020-04-17,0.009677980997602139
2020-04-20,0.0038829280550565456
2020-04-21,0.003059546612220453
2020-04-22,-0.01828238582558042
2020-04-23,0.020073487636795843
2020-04-24,0.012769274186588485
2020-04-27,0.011307795397144521
2020-04-28,0.0021764749547780616
2020-04-29,0.00655075864507971
2020-04-30,0.02405024384174646
2020-05-01,-0.0042478836053612195
2020-05-04,0.007207504375107438
2020-05-05,0.0060743577087072065
2020-05-06,0.0024117796016834645
2020-05-07,0.004131717302620991
2020-05-08,-0.006512727125990751
2020-05-11,0.006532313027091805
2020-05-12,-0.009105413026172189
2020-05-13,0.01605733278536316
2020-05-14,0.007817082104398698
2020-05-15,-0.005373988941138211
2020-05-18,-0.015290721817779445
2020-05-19,0.0023075139280193738
2020-05-20,0.0055443516948498065
2020-05-21,-0.006462274191540544
2020-05-22,0.014931988455222332
2020-05-25,0.0037124297873079217
2020-05-26,-0.0021573985610571756
2020-05-27,-0.00960205405144238
2020-05-28,0.0006211648790052947
2020-05-29,4.802101197588218e-06
2020-06-01,0.0068085135268772
2020-06-02,0.010006290210464085
2020-06-03,0.0018641824754682872
2020-06-04,0.005311310464840218
2020-06-05,0.01302450420971197
2020-06-08,0.0065741876391588
2020-06-09,-0.00043244439873368445
2020-06-10,0.006586408493626388
2020-06-11,-0.0025390671791110466
2020-06-12,0.0052503657349191315
2020-06-15,0.002042843888998218
2020-06-16,-0.007150332397631757
2020-06-17,0.006464236737205893
2020-06-18,0.002305824136694164
2020-06-19,0.007485295186486211
2020-06-22,-0.008988918481742311
2020-06-23,0.010489406870742929
2020-06-24,0.010830496097456753
2020-06-25,-0.0011932679361171174
2020-06-26,0.0008204009104830916
2020-06-29,0.001980251232171883
2020-06-30,0.0014194067342109015
2020-07-01,0.008259060469178023
2020-07-02,-0.00414453747596403
2020-07-03,-0.0076471903434012735
2020-07-06,-0.00040813148329411626
2020-07-07,0.016703772884810092
2020-07-08,-0.0016208707011872029
2020-07-09,-0.006524229342147339
2020-07-10,-0.005898934981161671
2020-07-13,0.002767430345403602
2020-07-14,0.010825549879939743
2020-07-15,-0.004489944937082277
2020-07-16,0.0027787502288790164
2020-07-17,0.0030838620599830655
2020-07-20,0.005087585421443063
2020-07-21,0.0025116367637581655
2020-07-22,0.009753350868288567
2020-07-23,0.006838040092286325
2020-07-24,-0.0035867160920202883
2020-07-27,0.020737971204722098
2020-07-28,-0.009574846083364924
2020-07-29,-0.009218080506542686
2020-07-30,0.009604003144385927
2020-07-31,0.002808122046780306
2020-08-03,-0.0006715152212446169
2020-08-04,0.002915950893194466
2020-08-05,0.006795875025610378
2020-08-06,-0.0020843163539895357
2020-08-07,-0.0037866424642437214
2020-08-10,-0.007100436346829786
2020-08-11,-0.005612611384576185
2020-08-12,-0.005127829254583763
2020-08-13,0.010430796735679707
2020-08-14,0.0034928500503626086
2020-08-17,0.0056052558240944845
2020-08-18,-0.0032565239752012573
2020-08-19,0.009632120416015993
2020-08-20,-0.01124687624526479
2020-08-21,0.005029597081615123
2020-08-24,0.006787571368214732
2020-08-25,-0.003409850081988527
2020-08-26,-0.006991880225330971
2020-08-27,0.005373259922621261
2020-08-28,-0.004474845004653625
2020-08-31,-0.005962203369942546
2020-09-01,0.0010161490908263651
2020-09-02,-0.007765732169375158
2020-09-03,8.82456504100415e-05
2020-09-04,0.017392799407320747
2020-09-07,-0.00231940635427199
2020-09-08,0.008438408040534763
2020-09-09,-0.007249734590292566
2020-09-10,0.001842651982476672
2020-09-11,-0.0009957876006811495
2020-09-14,-0.00016509101946233997
2020-09-15,0.007226047229394256
2020-09-16,0.01835867065492637
2020-09-17,0.00014955947768060217
2020-09-18,0.011597663640360217
2020-09-21,0.003963324561049903
2020-09-22,0.007051962168857753
2020-09-23,-0.002589575483525949
2020-09-24,-0.004497809319150307
2020-09-25,-0.00045255541016838265
2020-09-28,-0.005029293718822363
2020-09-29,0.0010729893810275744
2020-09-30,-0.007300297820206264
2020-10-01,0.0011851654622099838
2020-10-02,0.0025570737076851756
2020-10-05,0.01567121307976789
2020-10-06,0.014935980611375306
2020-10-07,0.005226541034033117
2020-10-08,-0.002869575100923713
2020-10-09,0.006014371945669689
2020-10-12,0.007686782058924792
2020-10-13,-0.0004134420288312041
2020-10-14,-0.005634970732699605
2020-10-15,-0.013170212533833651
2020-10-16,0.0008479993934988973
2020-10-19,0.016533415546247387
2020-10-20,-0.0004934685111440689
2020-10-21,0.004245491369209684
2020-10-22,0.004085414431793749
2020-10-23,0.0050410276247570595
2020-10-26,0.007356325432729578
2020-10-27,-0.014869368706360298
2020-10-28,-3.0073086603505002e-05
2020-10-29,0.004190700838234883
2020-10-30,0.0004635964169149037
2020-11-02,0.010909669049469769
2020-11-03,-0.00178448387141446
2020-11-04,0.008575594665196081
2020-11-05,0.015336331183501362
2020-11-06,-0.0008032672874332401
2020-11-09,0.00146207751883846
2020-11-10,-0.0010984860644822235
2020-11-11,0.0073796656444711185
2020-11-12,-0.015863946233503706
2020-11-13,-0.010444124923540694
2020-11-16,-0.0010806289321042767
2020-11-17,0.008259834925022955
2020-11-18,0.006022298018566572
2020-11-19,-0.005254725800693069
2020-11-20,0.01415808997356769
2020-11-23,0.002206806504050622
2020-11-24,-0.003680457909874128
2020-11-25,0.005579074262924945
2020-11-26,0.011779808863777063
2020-11-27,0.0008033201651859188
2020-11-30,-0.010807929251226204
2020-12-01,-0.0030625303999880574
2020-12-02,0.0021042449776438764
2020-12-03,0.008889554406130637
2020-12-04,-0.006664621075191754
2020-12-07,0.0034703576145236983
2020-12-08,-0.008115629849971294
2020-12-09,0.0019864390029967066
2020-12-10,-0.009294704186086897
2020-12-11,-0.0023321774746399085
2020-12-14,-0.010820462222096778
2020-12-15,-0.006463509925376751
2020-12-16,-0.01135879107327769
2020-12-17,-0.014388657018269795
2020-12-18,0.011191517795836613
2020-12-21,0.010829909931782823
2020-12-22,0.005240472769938835
2020-12-23,-0.0014558633657999979
2020-12-24,0.01317851997421294
2020-12-25,-0.0008383401650471512
2020-12-28,0.004840180310339411
2020-12-29,0.010530892471010793
2020-12-30,0.00323211627553157
2020-12-31,0.013294631827341918
2021-01-01,0.00030704964987730463
2021-01-04,0.00024130154566405254
2021-01-05,0.0025340503116437632
2021-01-06,-0.0077674884546265815
2021-01-07,-0.007117303741733148
2021-01-08,0.007716350645552851
2021-01-11,-0.012332590940348699
2021-01-12,0.010560663774509971
2021-01-13,0.0037125101131394865
2021-01-14,0.011015553363316524
2021-01-15,0.007650402507377919
2021-01-18,0.006344214822777823
2021-01-19,0.015505039404224773
2021-01-20,0.0009470451796171681
2021-01-21,0.000728766186004121
2021-01-22,0.010597163864703527
2021-01-25,-0.003723905455184427
2021-01-26,0.010651326962298063
2021-01-27,0.007089104305881744
2021-01-28,-0.0024558853034889984
2021-01-29,-0.008644038916927131
2021-02-01,-0.01464796592676025
2021-02-02,0.016568608728695016
2021-02-03,-0.010403049723335455
2021-02-04,-0.008130547981071365
2021-02-05,0.008459533425385704
2021-02-08,0.005311211866578479
2021-02-09,0.0031961302412300075
2021-02-10,0.002168791097152679
2021-02-11,-0.001925643776947867
2021-02-12,-0.00591756322111994
2021-02-15,-0.004481767326767277
2021-02-16,0.006223282489916583
2021-02-17,0.010067688368726267
2021-02-18,0.01091016533406326
2021-02-19,0.0011151742366712339
2021-02-22,-0.016600412179272304
2021-02-23,0.005477002016426455
2021-02-24,0.00020504916846964818
2021-02-25,-0.020127972345463836
2021-02-26,0.012501320331015389
2021-03-01,0.0031776593459531513
2021-03-02,0.0009731607003565357
2021-03-03,0.0029951529012058097
2021-03-04,0.0023877321714638176
2021-03-05,0.0033389237783400722
2021-03-08,0.002367216071061963
2021-03-09,0.0016376443705405368
2021-03-10,0.006044484499155297
2021-03-11,0.004257952082109594
2021-03-12,0.02084442826448311
2021-03-15,0.0026332616921378466
2021-03-16,-0.0025779130512314894
2021-03-17,-0.003259779450338055
2021-03-18,0.004646632981381704
2021-03-19,0.0025611003986411654
2021-03-22,0.003576667627288318
2021-03-23,7.096155338636757e-07
2021-03-24,0.00016043953958884568
2021-03-25,0.0076683167285287335
2021-03-26,0.01256142431541038
2021-03-29,0.0043993455948678015
2021-03-30,0.0007745004897654773
2021-03-31,-0.007676550227437218
2021-04-01,-0.0076849718874517645
2021-04-02,0.0019638714942418756
2021-04-05,-0.0004028412080537831
2021-04-06,0.000764014401574818
2021-04-07,-0.007377716673003334
2021-04-08,0.0004996981476507345
2021-04-09,-0.014145955257908963
2021-04-12,-0.008118534917533508
2021-04-13,-0.004937540372418573
2021-04-14,0.006114407897798564
2021-04-15,-0.0035299339485620673
2021-04-16,-0.006230711101595091
2021-04-19,0.0034817009490918497
2021-04-20,0.0004950215102972065
2021-04-21,0.00866266348801693
2021-04-22,0.0038323450959314737
2021-04-23,0.002926380919098767
2021-04-26,-0.00033054942578564705
2021-04-27,0.006469918029086543
2021-04-28,-0.004727889305055583
2021-04-29,-0.01112469978879272
2021-04-30,0.008350745448051096
2021-05-03,-0.002720373578944788
2021-05-04,0.0014456153987277391
2021-05-05,0.006063187718803578
2021-05-06,0.00920720139930089
2021-05-07,-0.022225416788887013
2021-05-10,-0.007374947995689882
2021-05-11,0.010869998854591226
2021-05-12,-0.012644142950434076
2021-05-13,0.004810112163626661
2021-05-14,-0.0019016057180561768
2021-05-17,-0.006136802778512295
2021-05-18,-4.90856804353432e-05
2021-05-19,-0.012572086150911939
2021-05-20,0.004247166543114333
2021-05-21,0.010412050805723654
2021-05-24,-0.010459754121758109
2021-05-25,-0.004389697913740523
2021-05-26,0.010610219735300973
2021-05-27,0.003945876805315004
2021-05-28,-0.001623432678535716
2021-05-31,0.012481478874101889
2021-06-01,-0.012496967591483554
2021-06-02,-0.001247988831621462
2021-06-03,0.0017128308749637378
2021-06-04,-0.001593688283367391
2021-06-07,0.007359851051933567
2021-06-08,-0.012473190000474504
2021-06-09,0.0013355325028136893
2021-06-10,-0.005360865132539977
2021-06-11,0.010589617632884595
2021-06-14,0.009357138814831516
2021-06-15,-0.005032622242299745
2021-06-16,-0.007887856016566386
2021-06-17,0.0005804875686898001
2021-06-18,-0.005955853223204662
2021-06-21,-0.003630125839949566
2021-06-22,0.004389641510145675
2021-06-23,-0.002748420358872567
2021-06-24,0.015511186483522402
2021-06-25,0.00147616341718337
2021-06-28,-0.0032585937907216892
2021-06-29,-0.008041243800888033
2021-06-30,-0.0032493702768016074
2021-07-01,0.009816368615141919
2021-07-02,0.0053350012025651485
2021-07-05,0.012402415770982882
2021-07-06,0.011450810200363336
2021-07-07,0.005389456251447769
2021-07-08,-0.004666918908104883
2021-07-09,-0.00028399254187286174
2021-07-12,0.001474624905847036
2021-07-13,-0.012352442819413317
2021-07-14,0.0035732381830088492
2021-07-15,-0.007414700572241593
2021-07-16,0.00023319748374207047
2021-07-19,-0.0032183938778711767
2021-07-20,0.005589230299138419
2021-07-21,0.022064993456385625
2021-07-22,-0.00865526953677295
2021-07-23,0.0007825073658239071
2021-07-26,0.017367701734642693
2021-07-27,-0.006505366887398146
2021-07-28,-0.0008675069267968421
2021-07-29,9.067273348661474e-05
2021-07-30,0.003453329371557007
2021-08-02,-0.012036542035387673
2021-08-03,0.0034238937604150347
2021-08-04,0.0058277217635994425
2021-08-05,0.02143299479116746
2021-08-06,0.0003582016321808831
2021-08-09,-0.003646097720912537
2021-08-10,0.002057901047232368
2021-08-11,-0.01999304165085429
2021-08-12,0.003712086069356394
2021-08-13,0.013522293348224579
2021-08-16,0.0007351676638923931
2021-08-17,0.0007279591143985581
2021-08-18,-0.0009410255338582483
2021-08-19,0.0021338863420708094
2021-08-20,-0.00896588894012822
2021-08-23,0.013449256426619406
2021-08-24,-0.002647529691794649
2021-08-25,-0.0026000590851336207
2021-08-26,0.014373782488904748
2021-08-27,0.0012510661070272056
2021-08-30,-0.002285986919568311
2021-08-31,0.014365457388325158
2021-09-01,0.002594770042130241
2021-09-02,0.008695577355311332
2021-09-03,-0.003420961815337553
2021-09-06,-0.013035834068800475
2021-09-07,0.002581706110587138
2021-09-08,0.01267980083098566
2021-09-09,-0.002515296959551801
2021-09-10,0.004125474737650573
2021-09-13,0.0070153325013572855
2021-09-14,0.003331265032715649
2021-09-15,0.0018026843003885035
2021-09-16,0.007442432871480119
2021-09-17,0.0029527159429603555
2021-09-20,-0.003040940635905133
2021-09-21,0.009742369614886968
2021-09-22,0.007722930164155068
2021-09-23,0.00430035594741443
2021-09-24,0.007076340236810438
2021-09-27,-0.01991191700221013
2021-09-28,0.003446812479567181
2021-09-29,0.0016197977696742597
2021-09-30,-0.014680670805752569
2021-10-01,0.01797426168527946
2021-10-04,0.0041285784316041855
2021-10-05,-0.0022177874740357197
2021-10-06,-0.0017109346913022653
2021-10-07,0.003463974062414444
2021-10-08,0.0011961231114502422
2021-10-11,-0.011616089146018246
2021-10-12,-0.0018833974619179151
2021-10-13,0.004931490170115251
2021-10-14,0.006277482174454293
2021-10-15,0.008308209344224592
2021-10-18,-0.007176745024194628
2021-10-19,-0.003720690620948707
2021-10-20,0.004360361651602057
2021-10-21,-0.003513487063424135
2021-10-22,0.0031127045165983934
2021-10-25,-0.0052819580070625725
2021-10-26,0.006127244985996696
2021-10-27,0.0019250971045990319
2021-10-28,0.006122335428382219
2021-10-29,0.001750596225160106
2021-11-01,-0.004839662271110427
2021-11-02,-0.008315797180903885
2021-11-03,0.0018658605859528847
2021-11-04,-0.003390475153342171
2021-11-05,-0.010425849511811705
2021-11-08,-0.0028689814311428957
2021-11-09,0.007911603218467712
2021-11-10,0.011515272045595843
2021-11-11,0.007705902383184082
2021-11-12,0.012527005157597668
2021-11-15,-0.0013709128854846992
2021-11-16,0.00041739484880897837
2021-11-17,-0.006025103285557012
2021-11-18,-0.004580508106416342
2021-11-19,0.014599023971003103
2021-11-22,0.005153858324458477
2021-11-23,0.006886727751227674
2021-11-24,0.022636504051128176
2021-11-25,0.017184458438830152
2021-11-26,-0.0052567402655259105
2021-11-29,0.009576667516367994
2021-11-30,-0.004366359799325238
2021-12-01,0.009671186240316786
2021-12-02,-0.013401383908504209
2021-12-03,-0.005832634045745499
2021-12-06,-0.005651521750975747
2021-12-07,0.017855037914071326
2021-12-08,-0.012568097488678088
2021-12-09,0.010672790373907448
2021-12-10,0.010396179812314357
2021-12-13,0.0026898700154077467
2021-12-14,0.008444033618265474
2021-12-15,0.022523163140339586
2021-12-16,0.003778041408587158
2021-12-17,-0.0004874285734822901
2021-12-20,0.012654284266711825
2021-12-21,0.008054302771947196
2021-12-22,-0.0075375570202770486
2021-12-23,0.0032518588433018596
2021-12-24,0.004030062905430508
2021-12-27,-0.007499264400678995
2021-12-28,-0.005951527326017479
2021-12-29,-0.003623425723948754
2021-12-30,-0.00800521574534176
2021-12-31,0.0058793686685691855
2022-01-03,0.004132982991810311
2022-01-04,-0.016267515160382384
2022-01-05,-0.0017358333583014393
2022-01-06,0.002923001650135582
2022-01-07,-0.009277270421771941
2022-01-10,-0.0006146048832569287
2022-01-11,0.00397884356250075
2022-01-12,-0.01215197530240306
2022-01-13,-0.0008860847183673264
2022-01-14,-0.01759566808959787
2022-01-17,0.0076166920728594125
2022-01-18,-0.00443042567190928
2022-01-19,-0.010266384497361319
2022-01-20,-0.013507988821434974
2022-01-21,-0.011949006299303896
2022-01-24,0.011770673809790022
2022-01-25,-0.005473427353439733
2022-01-26,-0.0033099914557095413
2022-01-27,-0.0019026817054079216
2022-01-28,-0.010957797491048624
2022-01-31,0.0074324836124375435
2022-02-01,-0.019116603622488525
2022-02-02,0.0084396309544391
2022-02-03,-0.004981514487841339
2022-02-04,0.0014981262230385226
2022-02-07,0.003531058838224557
2022-02-08,0.007918217402123097
2022-02-09,-0.008961555523972809
2022-02-10,0.00605356237308368
2022-02-11,0.0006597201947709994
2022-02-14,-0.00019778683445031563
2022-02-15,-0.0012324027329391972
2022-02-16,0.01012239530141918
2022-02-17,0.004874196370717428
2022-02-18,0.01137825191904709
2022-02-21,0.008485611135420415
2022-02-22,-0.01507323707359317
2022-02-23,0.00018620040941236596
2022-02-24,0.009216088582130143
2022-02-25,-0.006326238356657892
2022-02-28,-0.012674796535247147
2022-03-01,-0.01767130621944008
2022-03-02,0.017158082138307384
2022-03-03,-0.006538934601941626
2022-03-04,0.002353241864108874
2022-03-07,-0.007797291276394614
2022-03-08,0.0044092280730366196
2022-03-09,0.014445594839517253
2022-03-10,-0.010871797740629713
2022-03-11,0.00042912076198804293
2022-03-14,-0.005292220351963065
2022-03-15,-0.014375725460179827
2022-03-16,-0.006344165359683509
2022-03-17,0.0011788119202374193
2022-03-18,0.01103187612355696
2022-03-21,0.011398664637412723
2022-03-22,0.0008307219722021118
2022-03-23,-0.012549810874163996
2022-03-24,0.006374686891843568
2022-03-25,0.0009315678473871954
2022-03-28,0.0008434783687749033
2022-03-29,-0.008382958453458256
2022-03-30,-0.0003010099764006787
2022-03-31,0.017039575313591987
2022-04-01,0.013173118006890062
2022-04-04,0.011411215942002274
2022-04-05,0.006465028061488348
2022-04-06,-0.0022508362663051676
2022-04-07,0.0010152171516602218
2022-04-08,0.002236467533361538
2022-04-11,0.0041932260062311
2022-04-12,-0.0018499615501878603
2022-04-13,-0.006069481772728246
2022-04-14,0.010157126954656329
2022-04-15,-0.002041119167094814
2022-04-18,0.007898833903738021
2022-04-19,-0.00041491787137269936
2022-04-20,0.006563495814686879
2022-04-21,0.005232406742358535
2022-04-22,0.007081241785955942
2022-04-25,0.006656083373354968
2022-04-26,-0.006725251019236733
2022-04-27,-0.01007347684162144
2022-04-28,0.000650035824959974
2022-04-29,0.014554759092415989
2022-05-02,-0.005779330029451953
2022-05-03,-0.006561702651520688
2022-05-04,0.01964317300675305
2022-05-05,-0.011613714954688471
2022-05-06,-0.003653375185965824
2022-05-09,-0.002319965227759694
2022-05-10,-0.00452278126072136
2022-05-11,-0.0042557149040776164
2022-05-12,0.009830738220208302
2022-05-13,0.002699877720433034
2022-05-16,0.002503166905631455
2022-05-17,-0.0125152627459834
2022-05-18,0.007507017782772591
2022-05-19,0.002361136453474886
2022-05-20,0.0022536575959159226
2022-05-23,0.007753034434073101
2022-05-24,0.003578030007931464
2022-05-25,0.0007874084069413512
2022-05-26,0.004436311904777867
2022-05-27,-0.00474713441821403
2022-05-30,-0.006357714735286637
2022-05-31,-0.010015621465092477
2022-06-01,0.008910828579763424
2022-06-02,-0.0042953759248626775
2022-06-03,0.0024714177376846808
2022-06-06,0.010085337454533043
2022-06-07,0.015782423694301488
2022-06-08,-0.0018884261259926568
2022-06-09,0.0023984742981052265
2022-06-10,0.0018236855121625134
2022-06-13,-0.009602942600680175
2022-06-14,-0.002854484182398584
2022-06-15,0.023825521030023163
2022-06-16,0.0005374241110701378
2022-06-17,0.015482512850456057
2022-06-20,0.0072797149746465515
2022-06-21,0.01539130177027358
2022-06-22,0.011872191849678634
2022-06-23,0.0029090483679290106
2022-06-24,-0.009032110157083235
2022-06-27,0.012735207252831567
2022-06-28,0.006828861214643712
2022-06-29,0.005008990468945848
2022-06-30,0.008131382841982481
2022-07-01,-0.00541379520943314
2022-07-04,0.0021105049042775036
2022-07-05,0.0010187011849570342
2022-07-06,-0.011068682903230844
2022-07-07,-0.008740224137285701
2022-07-08,1.7346844274876254e-05
2022-07-11,-0.017034561425091126
2022-07-12,0.007027865812242344
2022-07-13,0.007304092931640532
2022-07-14,0.0004036808070914451
2022-07-15,0.00329642393994397
2022-07-18,-0.013805817352325642
2022-07-19,0.0023943695639090726
2022-07-20,0.00710879866271788
2022-07-21,0.005105180346658308
2022-07-22,0.008476973040209926
2022-07-25,0.00045277846106126657
2022-07-26,0.01721168244260079
2022-07-27,0.004499127080634803
2022-07-28,0.00743077094803225
2022-07-29,0.009779114114217089
2022-08-01,-0.0052742809683231804
2022-08-02,-0.008195970972547057
2022-08-03,0.007327388263541745
2022-08-04,-0.00923963168081578
2022-08-05,-0.003928457890821881
2022-08-08,0.008997358820919503
2022-08-09,-0.007944399094961058
2022-08-10,-0.007039653039937835
2022-08-11,-0.009156485676168145
2022-08-12,-0.00754163690738278
2022-08-15,0.016203321791945585
2022-08-16,0.005414310582277807
2022-08-17,0.008778323179086623
2022-08-18,-0.014853240117433265
2022-08-19,-0.018660680360074563
2022-08-22,-0.008433001823500874
2022-08-23,0.009450355895769643
2022-08-24,0.010492541665372557
2022-08-25,-0.015196604226910885
2022-08-26,-0.013334736139813032
2022-08-29,0.006208347851975118
2022-08-30,0.0029221731909948
2022-08-31,0.004437201287637348
2022-09-01,0.0062579924008954145
2022-09-02,-0.007371919841283569
2022-09-05,0.0018608466387067689
2022-09-06,-0.0014568328450642741
2022-09-07,0.010854055218721542
2022-09-08,-0.0016864895497582678
2022-09-09,-0.014577607305249957
2022-09-12,0.01111403221810002
2022-09-13,0.015540421393358799
2022-09-14,0.008739442178448055
2022-09-15,-0.0018712742163584867
2022-09-16,-0.006914974786778372
2022-09-19,0.008998256696328984
2022-09-20,-0.003517003110544278
2022-09-21,0.005043534235968267
2022-09-22,0.007160802493286989
2022-09-23,-0.0003117951419785456
2022-09-26,-0.015527019961533415
2022-09-27,0.004850971949142538
2022-09-28,-0.0073978388655727085
2022-09-29,-0.011959221411731561
2022-09-30,0.0003751379701863076
2022-10-03,0.0018613102540203682
2022-10-04,-4.131457670062972e-06
2022-10-05,0.005900441261354492
2022-10-06,-0.014821363950935994
2022-10-07,0.0054758759022727485
2022-10-10,0.013994363868579857
2022-10-11,7.172205832783505e-05
2022-10-12,-0.003350533524790528
2022-10-13,-0.0006671545164247735
2022-10-14,0.010722129868205251
2022-10-17,-0.0007804467645374496
2022-10-18,-0.005710425316725245
2022-10-19,-0.013047384586501856
2022-10-20,0.012254207094102913
2022-10-21,0.012400748040219674
2022-10-24,0.0008431367027860738
2022-10-25,0.017681038690952874
2022-10-26,-0.0024260402923858893
2022-10-27,0.006702577878215082
2022-10-28,-0.009871217585529824
2022-10-31,-0.0073941426876223
2022-11-01,0.0007527543627417201
2022-11-02,0.004702980000580074
2022-11-03,0.005850700349713281
2022-11-04,-0.006465288058093558
2022-11-07,-0.0034735215326818537
2022-11-08,-6.253797561334216e-05
2022-11-09,-0.0014511454033923126
2022-11-10,-0.0012662454676609022
2022-11-11,0.007486254016029134
2022-11-14,0.010324216918076647
2022-11-15,-0.014176910265432559
2022-11-16,0.011586941862445004
2022-11-17,0.002334879533564629
2022-11-18,0.0035437088591225327
2022-11-21,0.0036321923523074747
2022-11-22,0.008487551620183047
2022-11-23,0.006570074807024748
2022-11-24,-0.011550840396034254
2022-11-25,0.007966048535696022
2022-11-28,-0.00824296109995246
2022-11-29,0.00405762935707487
2022-11-30,0.002680934660104722
2022-12-01,-0.011591293196104694
2022-12-02,0.0010610858682104992
2022-12-05,-0.0011250717476671045
2022-12-06,-0.00450854055241972
2022-12-07,0.017444953855167585
2022-12-08,0.0022565900549212274
2022-12-09,-0.0020460605356485318
2022-12-12,0.015127449710679499
2022-12-13,0.0007195856195349253
2022-12-14,-0.00013052319783313573
2022-12-15,-0.015317013415631457
2022-12-16,0.005847786288888759
2022-12-19,0.00910049890857451
2022-12-20,0.01649521894660975
2022-12-21,-0.0072543207905433
2022-12-22,0.00945414021398126
2022-12-23,0.012369040756774627
2022-12-26,0.006849975975791109
2022-12-27,0.0010035009528894401
2022-12-28,-0.012430220637649581
2022-12-29,0.0025036177314419197
2022-12-30,-0.003533779416502344
2023-01-02,-0.013172861307574425
2023-01-03,0.005865201389528059
2023-01-04,-1.0352057022538098e-05
2023-01-05,-0.0009391106850177408
2023-01-06,0.016999904851366796
2023-01-09,-0.003372546215511631
2023-01-10,-0.015911338750718488
2023-01-11,-0.017085299360211442
2023-01-12,0.005209698499111738
2023-01-13,-0.0008258600828189699
2023-01-16,-0.00521279377161197
2023-01-17,-0.016306892958701018
2023-01-18,-0.005821522035573137
2023-01-19,-0.008226580442090087
2023-01-20,-1.6123726437887974e-05
2023-01-23,-0.006108781046310232
2023-01-24,-0.006244443896228039
2023-01-25,0.00047461549637268336
2023-01-26,-0.005570815086969449
2023-01-27,0.0034544877644481897
2023-01-30,-0.026912737091392764
2023-01-31,-0.009268637561462754
2023-02-01,0.010630213515015675
2023-02-02,0.002434213712549165
2023-02-03,-0.008047292790250085
2023-02-06,-0.0007579871812094146
2023-02-07,-0.003934816331807277
2023-02-08,-0.002249693756527648
2023-02-09,0.012349791016138978
2023-02-10,-0.002641342462538215
2023-02-13,0.002430248879483377
2023-02-14,-0.006181712526944434
2023-02-15,-0.005305570731100607
2023-02-16,-0.01183453469196542
2023-02-17,-0.004605437588848284
2023-02-20,-0.00262993105121361
2023-02-21,-0.0017955771055178401
2023-02-22,0.0011579824110480765
2023-02-23,0.0014884462499736946
2023-02-24,0.006046971671743089
2023-02-27,-0.0010112807997765677
2023-02-28,0.011365962296484462
2023-03-01,0.005649288729995978
2023-03-02,0.011932981208265594
2023-03-03,0.00032285483468844707
2023-03-06,0.010593298779090817
2023-03-07,0.0015219904502041435
2023-03-08,-0.012636211952241135
2023-03-09,0.0005876482038233871
2023-03-10,-0.0006592645675193444
2023-03-13,-0.011034091766139592
2023-03-14,-0.007226870682110582
2023-03-15,-0.004148616978533501
2023-03-16,0.01923429693972114
2023-03-17,0.0032868930629666687
2023-03-20,0.0154710193639555
2023-03-21,0.008349710520834358
2023-03-22,0.009561307142772008
2023-03-23,0.007377766236317653
2023-03-24,-0.011224706669178946
2023-03-27,0.010956566465642768
2023-03-28,-0.0072816260740742695
2023-03-29,0.004384828914010032
2023-03-30,2.310098583701843e-05
2023-03-31,0.013953378959731089
2023-04-03,0.010543240535827673
2023-04-04,0.015686562696209914
2023-04-05,0.004840967147246827
2023-04-06,0.0009636179152418867
2023-04-07,0.007127838794363439
2023-04-10,0.020263104151132742
2023-04-11,0.005122894161458821
2023-04-12,0.0012869654058957224
2023-04-13,-0.008978758617187114
2023-04-14,-0.005081880601995935
2023-04-17,0.0002633820489842016
2023-04-18,0.006390821455434169
2023-04-19,0.0059619418293073495
2023-04-20,0.00015750746770625066
2023-04-21,0.0020281644043450417
2023-04-24,0.013315493912234997
2023-04-25,0.0158278007734973
2023-04-26,0.01061612174282054
2023-04-27,0.013286286780651142
2023-04-28,0.011001454953865834
2023-05-01,0.015677014491304042
2023-05-02,-0.00913243443816776
2023-05-03,-0.0031103611001605065
2023-05-04,0.0028988802039543867
2023-05-05,0.004128510012749097
2023-05-08,0.011778210545396281
2023-05-09,-0.013786516093434686
2023-05-10,0.0022008584949014106
2023-05-11,0.0031560176224944667
2023-05-12,-0.004412398683524747
2023-05-15,-9.41360637776677e-05
2023-05-16,0.009080002456212634
2023-05-17,0.004778497403684617
2023-05-18,3.04522071102127e-05
2023-05-19,0.002706643712845653
2023-05-22,5.6755274735917414e-05
2023-05-23,0.008591483454572432
2023-05-24,0.0002503649179192443
2023-05-25,0.008959457548527026
2023-05-26,-0.0033993539195420744
2023-05-29,0.0008114862689426602
2023-05-30,-0.007912915867902066
2023-05-31,-0.0005540352569648871
2023-06-01,0.007844575319463098
2023-06-02,-0.007050275073018797
2023-06-05,-0.0017180899580797574
2023-06-06,0.00195511221762724
2023-06-07,-0.001741279112042205
2023-06-08,0.007856327376446513
2023-06-09,-0.00885549371672343
2023-06-12,0.008034848126934238
2023-06-13,0.011757041822005633
2023-06-14,0.014480264246214618
2023-06-15,0.0006299061651091859
2023-06-16,-0.0053080947544170975
2023-06-19,-0.011533644913632748
2023-06-20,0.006644932700568032
2023-06-21,0.007770651986468558
2023-06-22,0.0035058936664848863
2023-06-23,0.003938888765257081
2023-06-26,0.006579595242394049
2023-06-27,-0.0017280814217593469
2023-06-28,-0.010672597403048219
2023-06-29,-0.010327247822733348
2023-06-30,-0.005165194620052473
2023-07-03,-0.006214114474245635
2023-07-04,-0.011626419095412212
2023-07-05,-0.002302900072765465
2023-07-06,-0.007176621505864224
2023-07-07,0.006465918891371856
2023-07-10,0.0005913614831197266
2023-07-11,0.007575594005890894
2023-07-12,-0.009495418096250853
2023-07-13,-0.007674123838899775
2023-07-14,-0.01167204366352257
2023-07-17,0.0034804935161458044
2023-07-18,0.02627820069898968
2023-07-19,0.002963360642617394
2023-07-20,-0.002304524941288102
2023-07-21,0.0029043012960680388
2023-07-24,0.0009383863294670537
2023-07-25,0.00896062425503754
2023-07-26,0.0011585009521342838
2023-07-27,-0.0059040120987020285
2023-07-28,-0.014125777094327698
2023-07-31,0.004083270282983215
2023-08-01,0.009271597850926117
2023-08-02,0.002393317600407164
2023-08-03,-0.005956283372443746
2023-08-04,-0.002301183098862692
2023-08-07,-0.0014107452900696095
2023-08-08,0.0058766050163642026
2023-08-09,0.0007014896467248993
2023-08-10,0.010629302979919118
2023-08-11,-0.0004241631005169628
2023-08-14,-0.004010693000527857
2023-08-15,0.016089998807060895
2023-08-16,-0.0068652345829879
2023-08-17,-0.005147717063707795
2023-08-18,0.01798553544088897
2023-08-21,0.003461733301528024
2023-08-22,0.015582137924738754
2023-08-23,-0.018931576942494796
2023-08-24,0.011314150558894322
2023-08-25,0.0011938582541664309
2023-08-28,0.0020331040723513254
2023-08-29,0.005169208227504062
2023-08-30,-0.021032707332989172
2023-08-31,-0.006043002392252223
2023-09-01,0.004798525398494337
2023-09-04,0.027243875486884398
2023-09-05,-0.004875704567089662
2023-09-06,0.020218172505307372
2023-09-07,0.006333521520561254
2023-09-08,0.009485272523862116
2023-09-11,-0.006556297793420389
2023-09-12,0.006126595419136421
2023-09-13,-0.0057299298685319945
2023-09-14,-0.008570736776665498
2023-09-15,0.011498194796939823
2023-09-18,-0.004476506699600334
2023-09-19,-0.0029203679389734616
2023-09-20,0.006783577435993097
2023-09-21,-0.00536131765754379
2023-09-22,-0.009009759456639472
2023-09-25,0.0030055192910194454
2023-09-26,0.0033725732711777545
2023-09-27,0.013439093194498344
2023-09-28,-0.007906114572228097
2023-09-29,0.006945576086906437
2023-10-02,0.006933302984870135
2023-10-03,-0.0023716266160585943
2023-10-04,-0.00019607853134855535
2023-10-05,0.0013285926895953459
2023-10-06,-0.007172041262751135
2023-10-09,-0.009527242148446576
2023-10-10,0.006841317980829863
2023-10-11,-0.007477241679076909
2023-10-12,-0.00674903596106884
2023-10-13,0.0075077533704878425
2023-10-16,-0.0032731553945009057
2023-10-17,-0.0021715248492690776
2023-10-18,-0.01021622701139142
2023-10-19,-0.00889881839304204
2023-10-20,-0.01012858104054978
2023-10-23,-0.010088766850314589
2023-10-24,0.011068573516206354
2023-10-25,-0.006808470250586304
2023-10-26,-0.017744830588417488
2023-10-27,-0.008011002114124314
2023-10-30,0.0065740457510002825
2023-10-31,-0.008524992423372114
2023-11-01,0.00044260767578893547
2023-11-02,-0.006815168784670505
2023-11-03,-0.013415304919204497
2023-11-06,-0.003697239577725035
2023-11-07,-0.007562562117853728
2023-11-08,0.0021024879795776014
2023-11-09,0.006390420430729445
2023-11-10,0.0001249169212156838
2023-11-13,0.021957762014320488
2023-11-14,-0.007884445427296178
2023-11-15,0.011471156802940547
2023-11-16,0.00404558512654289
2023-11-17,0.011936644958951907
2023-11-20,0.004934488396086518
2023-11-21,-0.017505666058009357
2023-11-22,-0.001794541714776342
2023-11-23,0.008943613814402843
2023-11-24,0.0007793290496083168
2023-11-27,-0.01004169612185462
2023-11-28,-0.003834169332305698
2023-11-29,0.003226076277318942
2023-11-30,0.010468740394565058
2023-12-01,-0.004296263504080883
2023-12-04,0.0013388834466734963
2023-12-05,-0.007000852078278766
2023-12-06,-0.009188105983295832
2023-12-07,-0.0037050407327745066
2023-12-08,0.011367651362552206
2023-12-11,0.006291012971630492
2023-12-12,-0.0017753381922326304
2023-12-13,0.00023024505314949274
2023-12-14,0.004758476350206393
2023-12-15,-0.0005852681061697248
2023-12-18,-0.0031137757037944767
2023-12-19,-0.0020465152570543106
2023-12-20,0.005534618061922576
