date,returns
2013-01-02,-0.005520738197957506
2013-01-03,0.0025039906990195976
2013-01-04,0.006258455366235695
2013-01-07,0.0021473569180717354
2013-01-08,-0.0010671651211992168
2013-01-09,0.0036094146780613996
2013-01-10,0.004904995778895842
2013-01-11,-0.003551969022755592
2013-01-14,0.0024763616166594456
2013-01-15,-0.015854279198565656
2013-01-16,-0.005082535016254673
2013-01-17,0.000594636089027112
2013-01-18,-0.0018383432978105005
2013-01-21,0.0055289455267532
2013-01-22,0.003390615748664951
2013-01-23,-0.00943044947503243
2013-01-24,0.0055699567905757
2013-01-25,0.008999231937752433
2013-01-28,0.007496455532918638
2013-01-29,0.0009237304708493266
2013-01-30,0.02111405185661447
2013-01-31,-0.00026750490045932907
2013-02-01,0.016361344663886224
2013-02-04,0.0009282668726037435
2013-02-05,-0.0016057002640725178
2013-02-06,-0.0018240791937236581
2013-02-07,-0.011438268154217328
2013-02-08,0.02035789539432273
2013-02-11,-0.004868409746910599
2013-02-12,0.011456335330712643
2013-02-13,-0.006566692309937927
2013-02-14,-0.0008607494603340312
2013-02-15,0.0058054923286535555
2013-02-18,0.023068305357738777
2013-02-19,0.01649442421169828
2013-02-20,0.0184336110728327
2013-02-21,0.019330515447962163
2013-02-22,0.0039610285423772144
2013-02-25,-0.0011933431853707497
2013-02-26,0.0007566398322525454
2013-02-27,0.005337102996016844
2013-02-28,0.008420919288110167
2013-03-01,-0.001069419049051901
2013-03-04,0.006827582389110303
2013-03-05,0.0025944644890917765
2013-03-06,-0.005865389421653838
2013-03-07,-0.0005857093761896062
2013-03-08,0.0028131351989904643
2013-03-11,0.00379990117971357
2013-03-12,-0.015138689896963896
2013-03-13,0.0017835838242866969
2013-03-14,0.012038632749526748
2013-03-15,-0.0017114427047321375
2013-03-18,-0.012716167915403184
2013-03-19,0.004673014366140873
2013-03-20,0.0008642902772935956
2013-03-21,-0.007023646949850483
2013-03-22,0.010044100661903903
2013-03-25,0.005994859560383358
2013-03-26,0.0033319027269628687
2013-03-27,0.005119754678952313
2013-03-28,-0.002022835771604315
2013-03-29,-0.006578334214482072
2013-04-01,-0.0006071579053366131
2013-04-02,-0.009992974038658571
2013-04-03,0.00562947541340434
2013-04-04,-0.0055337916152683455
2013-04-05,0.00796314240824683
2013-04-08,0.012199208297846292
2013-04-09,0.029213555510637795
2013-04-10,-0.001853513024894275
2013-04-11,0.0016463547206774644
2013-04-12,-0.005341488242432762
2013-04-15,0.001342966362871586
2013-04-16,-0.005490067945137047
2013-04-17,-0.006996675858086493
2013-04-18,-0.004457869546974217
2013-04-19,-0.007804350083009819
2013-04-22,0.0004773730655853953
2013-04-23,0.010744197342098883
2013-04-24,-0.014271931835739656
2013-04-25,-0.005046649684528507
2013-04-26,0.004740653892983075
2013-04-29,0.005557653421380974
2013-04-30,0.021192929019446836
2013-05-01,-0.0007896460668867548
2013-05-02,-0.0023045999065994024
2013-05-03,0.0112684589979572
2013-05-06,-0.00668022544364385
2013-05-07,-0.0019107775335036501
2013-05-08,-0.004640951961304858
2013-05-09,0.013663516900876473
2013-05-10,0.012510729054394225
2013-05-13,-0.01717112142612931
2013-05-14,-0.0020475209391981105
2013-05-15,0.003049415758908456
2013-05-16,0.0018625657154433977
2013-05-17,0.0013174451808256305
2013-05-20,0.0087815894681034
2013-05-21,-0.006184206247135624
2013-05-22,-0.02743055714484483
2013-05-23,-0.010667115697049537
2013-05-24,-0.001975278163173233
2013-05-27,-0.003379117520050691
2013-05-28,-0.00018158817322232504
2013-05-29,0.007458800927371809
2013-05-30,0.006927440864530837
2013-05-31,-0.012838279717074276
2013-06-03,-0.008950500556179759
2013-06-04,0.005308563519576428
2013-06-05,-0.0075983964831013336
2013-06-06,0.005300115719851029
2013-06-07,0.002629847131028916
2013-06-10,0.017380084766926335
2013-06-11,-0.0033858644904352477
2013-06-12,0.010814526019735888
2013-06-13,-0.0003762071897006347
2013-06-14,-0.0061801007893185775
2013-06-17,0.003942123066123826
2013-06-18,-0.0022488220678299744
2013-06-19,-0.008837716789204305
2013-06-20,-0.0015165571782662817
2013-06-21,-0.004536276512275905
2013-06-24,0.0019556608437933266
2013-06-25,0.00429762986763005
2013-06-26,0.011700807789893214
2013-06-27,-0.005812323001774111
2013-06-28,0.013738755044054361
2013-07-01,0.002919723110906275
2013-07-02,0.006266860769781953
2013-07-03,-0.007536122099890389
2013-07-04,0.008306035132620336
2013-07-05,0.004661341893815895
2013-07-08,0.0073657083139004815
2013-07-09,-0.004443841008310336
2013-07-10,-0.012608207030194886
2013-07-11,0.0053717707575544615
2013-07-12,0.0005443049954004282
2013-07-15,0.007885091685622424
2013-07-16,0.017431384337728378
2013-07-17,-0.00791690077221948
2013-07-18,-0.0030443050514141513
2013-07-19,0.0033370298014820084
2013-07-22,-0.006871424410361529
2013-07-23,-0.007972202843175222
2013-07-24,0.002777182428813276
2013-07-25,0.0006179311026733253
2013-07-26,0.021151049693875656
2013-07-29,-0.0038538924176487544
2013-07-30,-0.0015001256938224218
2013-07-31,0.0009776552372288637
2013-08-01,0.012918103250223432
2013-08-02,-0.0030707016841717283
2013-08-05,-0.0035300201314549485
2013-08-06,-0.025129135799690352
2013-08-07,-0.009902170686408092
2013-08-08,0.012775981901204743
2013-08-09,-0.005371761264325479
2013-08-12,-0.000927601890064757
2013-08-13,-0.000720400279327677
2013-08-14,0.012986593603816198
2013-08-15,-0.0074401849963249295
2013-08-16,0.007158749144684928
2013-08-19,-0.017525253288139725
2013-08-20,-0.022248089262512843
2013-08-21,-0.0028816809275644542
2013-08-22,0.00677881597973764
2013-08-23,-0.01267769538657781
2013-08-26,0.0019304512037700778
2013-08-27,-0.007729148936631949
2013-08-28,0.009480770679503966
2013-08-29,0.0041266483269640705
2013-08-30,0.01634847941969534
2013-09-02,-0.011913137997395054
2013-09-03,0.017774055257581696
2013-09-04,0.0002448009464441251
2013-09-05,-0.008424005906470407
2013-09-06,-0.0034756249273826118
2013-09-09,0.00530619688474459
2013-09-10,0.015434660042983803
2013-09-11,0.0008037400769348173
2013-09-12,-0.0014751925996272601
2013-09-13,0.009864090091490646
2013-09-16,-0.00071075455556042
2013-09-17,-0.01182394039805789
2013-09-18,0.0034230969418499284
2013-09-19,-0.0026937474846581468
2013-09-20,-0.00298875718167877
2013-09-23,0.001309696573398218
2013-09-24,-0.0001433465942646075
2013-09-25,-0.0018387213727039658
2013-09-26,0.004492920786098583
2013-09-27,-0.003080257915231654
2013-09-30,0.007420610092371223
2013-10-01,-0.00607017676159766
2013-10-02,0.009701373296442205
2013-10-03,-0.007515523885768293
2013-10-04,-0.00781840586453386
2013-10-07,0.004575162036820845
2013-10-08,0.0025488424205239524
2013-10-09,-0.010545203095807433
2013-10-10,0.0013572527842755835
2013-10-11,0.0037249118907285526
2013-10-14,-0.012013332210013642
2013-10-15,0.002507828757190531
2013-10-16,0.017401961978360674
2013-10-17,-0.007121964515207937
2013-10-18,-0.0036383859834029824
2013-10-21,0.0005435272255926921
2013-10-22,-0.0070057749219553
2013-10-23,-0.002388527167427104
2013-10-24,-0.006697144552907729
2013-10-25,-0.006651899919883553
2013-10-28,-0.002282323101012694
2013-10-29,0.005255596339063922
2013-10-30,0.0056161793779890695
2013-10-31,0.000803423661673127
2013-11-01,-0.013134284181330187
2013-11-04,0.011734192870605495
2013-11-05,-0.004885740666271162
2013-11-06,3.755970889312318e-05
2013-11-07,0.007969409238916165
2013-11-08,0.015399108113509107
2013-11-11,-0.0029839690698730843
2013-11-12,0.003944073516527426
2013-11-13,0.006649846545061464
2013-11-14,0.004023089569770092
2013-11-15,0.003756272220204803
2013-11-18,0.0036329622007168216
2013-11-19,-0.0031506154453119642
2013-11-20,0.0035640941984268065
2013-11-21,0.006961119390390259
2013-11-22,-0.0019342263785478845
2013-11-25,0.00013743566719124224
2013-11-26,0.004402628901044937
2013-11-27,-0.0076612165829446285
2013-11-28,-0.00988616066660328
2013-11-29,-0.0017425918670673191
2013-12-02,0.017784440946464555
2013-12-03,0.014698989071332854
2013-12-04,-0.0062285452020248
2013-12-05,-0.04842199297732889
2013-12-06,0.0005653315503115931
2013-12-09,0.019044952993668676
2013-12-10,-0.011971267911167678
2013-12-11,-0.011148156822077496
2013-12-12,-0.003413575920753434
2013-12-13,-0.008672328101962536
2013-12-16,0.013185276223112895
2013-12-17,0.014563621295413125
2013-12-18,-0.0018166886402060554
2013-12-19,0.01754618022135363
2013-12-20,-0.0037350596329449115
2013-12-23,-0.0068148888838400964
2013-12-24,0.008864200607600665
2013-12-25,0.0008568283388703396
2013-12-26,0.007535945417621822
2013-12-27,0.007236196588049467
2013-12-30,0.010769460900055625
2013-12-31,-0.0017186091030639771
2014-01-01,0.004924157967816277
2014-01-02,0.007872716804395802
2014-01-03,0.013772619684556626
2014-01-06,-0.0004998838467717575
2014-01-07,0.011697595019501216
2014-01-08,-0.003082803768712468
2014-01-09,-0.003317855305959851
2014-01-10,0.0032617851311211865
2014-01-13,-0.0014234360972757495
2014-01-14,-0.0011190899948377408
2014-01-15,-0.006796202909232904
2014-01-16,0.009312985378123225
2014-01-17,0.004890171286991168
2014-01-20,0.012015663152467312
2014-01-21,-0.013716166530154339
2014-01-22,0.00465171093008267
2014-01-23,0.0024479760219740555
2014-01-24,-0.017465336049567137
2014-01-27,-0.0027456391169215603
2014-01-28,-0.006723862669171139
2014-01-29,0.01606339389308678
2014-01-30,0.006947780438681136
2014-01-31,0.001880346723286239
2014-02-03,0.0004604107835688829
2014-02-04,0.0012325726515306516
2014-02-05,-0.007726883831569059
2014-02-06,-0.003491110710634497
2014-02-07,0.0008734423432614929
2014-02-10,-0.0017986498905377287
2014-02-11,0.004879823541551232
2014-02-12,-0.009045523387791897
2014-02-13,-0.0010083982861028324
2014-02-14,0.006310787908386435
2014-02-17,-0.015228163431476142
2014-02-18,0.012777027191624778
2014-02-19,0.003848711313466608
2014-02-20,0.009212334221648195
2014-02-21,0.0031410897982354375
2014-02-24,0.0046677932066490815
2014-02-25,-0.010517450702369292
2014-02-26,-0.03173536319450865
2014-02-27,0.009719005515099806
2014-02-28,-0.0009459866222952331
2014-03-03,0.006610537324930315
2014-03-04,0.004634967218947389
2014-03-05,0.008818916692350978
2014-03-06,0.0017100811998817318
2014-03-07,0.010427241851590345
2014-03-10,-0.002468036254855771
2014-03-11,-0.003646484070693857
2014-03-12,-0.020561104700218796
2014-03-13,-0.0013215326911761016
2014-03-14,-0.0033786305560889983
2014-03-17,-0.002214932026131827
2014-03-18,0.004117523324092822
2014-03-19,-0.009695675370072286
2014-03-20,-0.014274360727142728
2014-03-21,0.0031701899572219036
2014-03-24,-0.0025008918271170865
2014-03-25,0.0027974820073882645
2014-03-26,-0.008507784173892342
2014-03-27,0.011579438032130983
2014-03-28,0.002570536554716527
2014-03-31,-0.022989861792012213
2014-04-01,0.005376563245408242
2014-04-02,-0.01664988726193717
2014-04-03,0.004580990144154389
2014-04-04,-0.00017080814716013428
2014-04-07,0.003326315689481071
2014-04-08,-0.0003186691701938535
2014-04-09,0.0030534792396619877
2014-04-10,-0.005520830291708906
2014-04-11,0.0038322566870750367
2014-04-14,0.0009587446131908906
2014-04-15,-0.00550570781937571
2014-04-16,0.009839085664625989
2014-04-17,0.0048134342900097256
2014-04-18,0.0006968951859607575
2014-04-21,0.01044499615075085
2014-04-22,-0.009300926403280197
2014-04-23,-0.0010936183422764025
2014-04-24,-0.007918420883344088
2014-04-25,0.014911745025652363
2014-04-28,0.0036742394123922334
2014-04-29,-0.01915451120998271
2014-04-30,-0.008304929777280147
2014-05-01,-0.0003534636489382053
2014-05-02,0.0029320279307628425
2014-05-05,0.005611038763298286
2014-05-06,0.003001537720467686
2014-05-07,-0.0036743741212220127
2014-05-08,-0.007445071270602458
2014-05-09,0.029128543440399116
2014-05-12,5.3272014656012556e-05
2014-05-13,-0.00010439191732319083
2014-05-14,6.274390114538756e-05
2014-05-15,-0.012919918676365145
2014-05-16,-0.005553593640859106
2014-05-19,0.0034371809255768953
2014-05-20,0.00018995728083976132
2014-05-21,-0.000329527678063761
2014-05-22,0.012397099136969363
2014-05-23,-0.014732020780721916
2014-05-26,-0.003283363111721199
2014-05-27,-0.0044852411453151705
2014-05-28,-0.0008636236302707351
2014-05-29,5.398585834634484e-05
2014-05-30,0.010168598802959
2014-06-02,0.00692576084136193
2014-06-03,0.00043684257789874926
2014-06-04,0.0020146987286293427
2014-06-05,0.005473964931734596
2014-06-06,-0.0006689724243956184
2014-06-09,0.005894686936035086
2014-06-10,-5.961571182332625e-05
2014-06-11,0.013472518437952543
2014-06-12,-0.01178432669023374
2014-06-13,-0.0015900015923662467
2014-06-16,-0.006752320502201193
2014-06-17,-0.0031525381985629845
2014-06-18,-0.005394621764693118
2014-06-19,-0.00042405212453420897
2014-06-20,-0.003819071235788834
2014-06-23,-0.0059464214789773364
2014-06-24,0.009353477745448662
2014-06-25,-0.0029195529668804704
2014-06-26,-0.006672701082383909
2014-06-27,-0.009862263643541336
2014-06-30,0.007257837804524363
2014-07-01,-0.00597854042030554
2014-07-02,0.005915459085912856
2014-07-03,-0.019790448703009087
2014-07-04,-0.00817799845931853
2014-07-07,-0.0009754463399134362
2014-07-08,-0.00809450111795216
2014-07-09,-0.0062232505677116655
2014-07-10,-0.004080846498200371
2014-07-11,0.00970591496201991
2014-07-14,0.0035259251481972167
2014-07-15,0.006350438361054027
2014-07-16,0.019678711394231493
2014-07-17,-0.0025022583932054476
2014-07-18,0.0010697606515647532
2014-07-21,0.003213288753406489
2014-07-22,-0.00027848758940255086
2014-07-23,-0.003409012432280866
2014-07-24,-4.320530905819499e-05
2014-07-25,0.003159445080287345
2014-07-28,-0.0032150970090608043
2014-07-29,-0.006324230253131672
2014-07-30,0.015981820682872898
2014-07-31,0.002576190567223213
2014-08-01,0.006318434841979997
2014-08-04,-0.0043083998411348745
2014-08-05,-0.004947397316639856
2014-08-06,0.008663200188970863
2014-08-07,0.0033654515217590147
2014-08-08,-0.00044646451172981536
2014-08-11,-0.0011182471606681732
2014-08-12,-0.0031678533407159745
2014-08-13,-0.009453368358402783
2014-08-14,-0.004150924791276829
2014-08-15,0.003070058905608253
2014-08-18,-0.0003863720473997038
2014-08-19,0.001646038542546491
2014-08-20,-0.0007713368070670743
2014-08-21,-0.006438719241884264
2014-08-22,0.0024108405957861973
2014-08-25,-0.003102395514325577
2014-08-26,0.00013114894817755664
2014-08-27,0.003741814521243189
2014-08-28,-0.008105873359253835
2014-08-29,-0.014172556929677196
2014-09-01,-0.001968622364694219
2014-09-02,0.025291481577798036
2014-09-03,-0.0030672400400593037
2014-09-04,0.001455657769264116
2014-09-05,-0.0009450352753671736
2014-09-08,-0.0008313510853868557
2014-09-09,-0.009686430511066466
2014-09-10,0.005073022162831729
2014-09-11,0.00774575274740671
2014-09-12,-0.010188471121542125
2014-09-15,0.017000969128947566
2014-09-16,0.004594490550826506
2014-09-17,0.0019708797201202564
2014-09-18,-0.008915685355061624
2014-09-19,0.008801018685500064
2014-09-22,-0.00559709070663789
2014-09-23,-0.004428667790309159
2014-09-24,-0.0045757449429323985
2014-09-25,-0.008002658679763781
2014-09-26,-0.002550459722461899
2014-09-29,-0.005135082220775066
2014-09-30,-0.004408840330923649
2014-10-01,-0.00045473061715573166
2014-10-02,-0.0036288732085228963
2014-10-03,-0.00540494752909968
2014-10-06,-0.004019409395970363
2014-10-07,-0.016116537762866305
2014-10-08,-0.007683149160885949
2014-10-09,0.006365267997102351
2014-10-10,0.010703199485410302
2014-10-13,0.00806871220396516
2014-10-14,0.005246722565364094
2014-10-15,0.013299876690925258
2014-10-16,0.010623335749852606
2014-10-17,0.005323242967370722
2014-10-20,-0.002609267342307304
2014-10-21,4.318600924602795e-05
2014-10-22,0.011246823094795718
2014-10-23,-0.003838643873230868
2014-10-24,-0.009724529857643533
2014-10-27,0.002214436207627948
2014-10-28,0.004309870603692539
2014-10-29,0.014517246777424475
2014-10-30,-0.0044924459264052774
2014-10-31,-0.0009100883672708557
2014-11-03,-0.006586030254399661
2014-11-04,0.004829078641485764
2014-11-05,-0.0013145621076717771
2014-11-06,0.01953626840399646
2014-11-07,0.008487419598264677
2014-11-10,0.007167423433371843
2014-11-11,0.006731492128018684
2014-11-12,-0.0011447943201241277
2014-11-13,0.002849556569802076
2014-11-14,0.002224310273620163
2014-11-17,0.0034388980688052203
2014-11-18,-0.007878982429749415
2014-11-19,0.005901627605769674
2014-11-20,0.001125434976989469
2014-11-21,0.006921269448627854
2014-11-24,-0.009257954063123634
2014-11-25,-0.00986950074973968
2014-11-26,0.0028798206095424347
2014-11-27,0.015284730580448994
2014-11-28,-0.004169404533762864
2014-12-01,0.006555718729350211
2014-12-02,-0.01467249775259009
2014-12-03,0.005415834774132699
2014-12-04,0.0052369587107602275
2014-12-05,-0.007065854234669239
2014-12-08,-0.004366091875004662
2014-12-09,-0.0029546091547343967
2014-12-10,-0.0025215296857476043
2014-12-11,0.005278692214866684
2014-12-12,0.0060480443344938534
2014-12-15,0.006721771303453474
2014-12-16,0.00235977135997849
2014-12-17,0.005530744931169914
2014-12-18,0.0024374020519097204
2014-12-19,-0.0072101741550937605
2014-12-22,-0.0003164990399310999
2014-12-23,-0.007857112596433544
2014-12-24,0.00633731065480645
2014-12-25,0.0012135209603267264
2014-12-26,0.002700723743468857
2014-12-29,0.00876629648180999
2014-12-30,0.007942988970002654
2014-12-31,-0.00122844177844698
2015-01-01,0.007187775718460642
2015-01-02,-0.005128219005553658
2015-01-05,0.005408220620161988
2015-01-06,-0.0005125427029704455
2015-01-07,0.022787102001323015
2015-01-08,-0.004939006221684308
2015-01-09,-0.009431328622498989
2015-01-12,0.00012689022271370712
2015-01-13,-0.0029934955242359486
2015-01-14,0.006695072509405437
2015-01-15,-0.0007224753927529298
2015-01-16,-0.005263586763790506
2015-01-19,0.0019270691679781993
2015-01-20,0.016043472422442542
2015-01-21,0.0060938724783630585
2015-01-22,0.009348406790121198
2015-01-23,0.004959276624987128
2015-01-26,-0.0032895342398441075
2015-01-27,-0.01189021244294659
2015-01-28,-0.013879502013929398
2015-01-29,-0.006632106256949433
2015-01-30,0.016428764172469756
2015-02-02,-0.006047451472034005
2015-02-03,-0.022732305223343206
2015-02-04,-0.0015484317973422747
2015-02-05,-0.005999817620958891
2015-02-06,0.00868933694984216
2015-02-09,0.007072582563436978
2015-02-10,0.004614959101137311
2015-02-11,0.007299489071125768
2015-02-12,0.003808848836210503
2015-02-13,0.017452698975176283
2015-02-16,0.01045398973602796
2015-02-17,-0.003823808826856046
2015-02-18,0.009065009983203663
2015-02-19,0.007785663271160816
2015-02-20,-0.0185553512218054
2015-02-23,0.017129364429859538
2015-02-24,-0.007860625610959546
2015-02-25,-0.007056731886610058
2015-02-26,-0.0009242923009633137
2015-02-27,0.0017210215844604673
2015-03-02,-0.00037099341189756945
2015-03-03,0.0036001480121634535
2015-03-04,0.024745359342713377
2015-03-05,0.04142812740458312
2015-03-06,0.007027455243566769
2015-03-09,0.006349119565226725
2015-03-10,0.016170609279921273
2015-03-11,0.006642879884481369
2015-03-12,0.0005342590335846727
2015-03-13,0.00025741662135920617
2015-03-16,0.02447041945852211
2015-03-17,2.553168689067506e-05
2015-03-18,-0.012417241139359757
2015-03-19,0.008374473337050856
2015-03-20,0.008072646368882544
2015-03-23,0.0018799291684009727
2015-03-24,0.008128733872232308
2015-03-25,0.002964411429849671
2015-03-26,-0.004528681520104662
2015-03-27,0.01217089776005451
2015-03-30,0.0018038335035850403
2015-03-31,0.014965764570868912
2015-04-01,-0.000247748316582174
2015-04-02,0.001699350918152482
2015-04-03,0.0020833558413285496
2015-04-06,-0.017776211138349835
2015-04-07,0.0005934413869376723
2015-04-08,-0.0036094984886318017
2015-04-09,-0.004098510201677735
2015-04-10,-0.00363546729909996
2015-04-13,-0.00028344424574268303
2015-04-14,0.02180691920672502
2015-04-15,0.01204543664275619
2015-04-16,0.01626878082861784
2015-04-17,-0.003973448936150602
2015-04-20,-0.0012277659705421282
2015-04-21,-0.0027047310040490763
2015-04-22,0.004956202991004667
2015-04-23,-0.00768211186493354
2015-04-24,0.006321613842738038
2015-04-27,0.0037713110613368335
2015-04-28,1.1261858343361054e-05
2015-04-29,0.0032777969891958714
2015-04-30,-0.00955913697451646
2015-05-01,0.011374636160014828
2015-05-04,0.003712368554263423
2015-05-05,0.007436750058198851
2015-05-06,0.002507804041232942
2015-05-07,-0.00909303196426121
2015-05-08,-0.0032932062104249283
2015-05-11,-0.0043858782694684885
2015-05-12,0.00849184846911011
2015-05-13,0.005759843260904625
2015-05-14,0.0016828896506797379
2015-05-15,0.005376472559684072
2015-05-18,0.006637260590252074
2015-05-19,0.002086317915163459
2015-05-20,-0.004731755752003253
2015-05-21,-0.0015579410332528583
2015-05-22,0.0038538612650923275
2015-05-25,-0.003677833845440507
2015-05-26,0.0009270375986990915
2015-05-27,0.001255863675323971
2015-05-28,-0.00768051901141348
2015-05-29,0.011367331427630308
2015-06-01,-0.005038520536977554
2015-06-02,-0.006020088247083889
2015-06-03,0.001137385641919712
2015-06-04,-0.002825821949081429
2015-06-05,-0.004025435714293688
2015-06-08,0.008266981758373053
2015-06-09,0.003700034104809723
2015-06-10,0.005366736309707998
2015-06-11,0.0054734701450770695
2015-06-12,-0.0012181537940988685
2015-06-15,-0.002335878104414545
2015-06-16,-0.00595085955793269
2015-06-17,0.0061803986063466545
2015-06-18,0.002617747446733513
2015-06-19,0.0015612256455666967
2015-06-22,0.0005437253918345901
2015-06-23,0.020604603731036928
2015-06-24,0.0007235072463515854
2015-06-25,-0.0008125480926132987
2015-06-26,0.010316835373686559
2015-06-29,-0.007063749265166121
2015-06-30,0.004037964187732264
2015-07-01,0.009738296954316229
2015-07-02,0.0023079617179178483
2015-07-03,-0.0003781752985423032
2015-07-06,0.0019108676254563132
2015-07-07,-0.00263072203859619
2015-07-08,0.012161911192803947
2015-07-09,0.015818841767257254
2015-07-10,0.01464781208150179
2015-07-13,0.013166444211254298
2015-07-14,-0.0034498443194722764
2015-07-15,-0.0015082191081302123
2015-07-16,0.00659364578749374
2015-07-17,-0.009461193017727807
2015-07-20,0.005936862324200285
2015-07-21,0.005139579082342995
2015-07-22,-0.004772074698093282
2015-07-23,0.009232784850284097
2015-07-24,0.003869492881934035
2015-07-27,0.019245716992811673
2015-07-28,0.005638558335041143
2015-07-29,-0.001273495940533057
2015-07-30,0.001526100478607665
2015-07-31,-0.00013615198222351839
2015-08-03,-0.0018078725445363228
2015-08-04,-0.01322045281760076
2015-08-05,0.0015984736737019898
2015-08-06,-0.0030364825877013573
2015-08-07,-0.013283845211639653
2015-08-10,0.007462152844730918
2015-08-11,0.0032102452080305923
2015-08-12,0.011350406976642297
2015-08-13,-0.015174522813176432
2015-08-14,-0.015956109799577844
2015-08-17,0.016078576375021678
2015-08-18,0.019024698266015983
2015-08-19,0.006441428678178493
2015-08-20,-0.016294988184757775
2015-08-21,-0.00988352127835361
2015-08-24,0.012255364386542828
2015-08-25,-0.009686861246282064
2015-08-26,0.006791351781640099
2015-08-27,-0.0016771460813852248
2015-08-28,-0.00012056873611415741
2015-08-31,0.007951489980885162
2015-09-01,-0.0054824518898496126
2015-09-02,0.00027614948971438076
2015-09-03,-0.0026489617833928766
2015-09-04,0.02030198835430213
2015-09-07,0.000558295079018042
2015-09-08,-0.00193557185800086
2015-09-09,0.001276692657249183
2015-09-10,0.006168107422170286
2015-09-11,-0.0003884607774391545
2015-09-14,0.013299903414601709
2015-09-15,0.0037349488581563802
2015-09-16,-0.010584458440098378
2015-09-17,-0.014132125755502885
2015-09-18,-0.008371844773761638
2015-09-21,0.0024352893145120004
2015-09-22,0.006930591307885521
2015-09-23,-0.004433949782630556
2015-09-24,0.00828693218501509
2015-09-25,-0.011946287097830039
2015-09-28,-0.005934016272014908
2015-09-29,0.007060366683047775
2015-09-30,-0.0035260399610328114
2015-10-01,0.0009635366029999883
2015-10-02,-0.008543778472498462
2015-10-05,-0.001486619228763626
2015-10-06,0.00721643824108733
2015-10-07,-0.01090616073443974
2015-10-08,-0.0012650404038383257
2015-10-09,-0.007302972578668259
2015-10-12,-0.011661268943363577
2015-10-13,-0.01172596883051086
2015-10-14,-0.005846488228200976
2015-10-15,0.0072222169670696276
2015-10-16,-0.0026197189721082637
2015-10-19,-0.0015011652498927019
2015-10-20,0.01872574954490501
2015-10-21,0.0021513936657021407
2015-10-22,-0.0037971542124819015
2015-10-23,0.005485137308367076
2015-10-26,0.016614216767637965
2015-10-27,0.0012015288295060232
2015-10-28,0.001263969769284695
2015-10-29,0.0015195007664385166
2015-10-30,-0.038574355726454325
2015-11-02,-0.005815012759272156
2015-11-03,-0.0012768670253330454
2015-11-04,-0.002066121300453334
2015-11-05,-0.0017034595515585933
2015-11-06,-0.0028713413979361982
2015-11-09,-0.0082203341649053
2015-11-10,-0.004162407924595996
2015-11-11,-0.010346645843472311
2015-11-12,0.016979828544696953
2015-11-13,0.005814085976680658
2015-11-16,0.009616960537900794
2015-11-17,0.0013184973716621248
2015-11-18,-0.007780580791321642
2015-11-19,0.005211090205202389
2015-11-20,0.00925998495518226
2015-11-23,0.019132712393609672
2015-11-24,0.009254021052574125
2015-11-25,0.010244886521676148
2015-11-26,0.002742397130944143
2015-11-27,0.002514119350764864
2015-11-30,0.005210233453077232
2015-12-01,-0.0010589961800474546
2015-12-02,-0.0010371708785567749
2015-12-03,-0.002734696744975466
2015-12-04,0.0011537468934999635
2015-12-07,0.009700068157539763
2015-12-08,0.0025022804507553575
2015-12-09,0.002153446185723937
2015-12-10,0.006974427404932149
2015-12-11,0.006802497277103701
2015-12-14,0.008684870094421255
2015-12-15,-0.022538964372031983
2015-12-16,0.009992701712856362
2015-12-17,-0.003375660355153711
2015-12-18,0.017791885682024028
2015-12-21,0.004133194274003878
2015-12-22,-0.0011349226992387674
2015-12-23,0.023872623764656428
2015-12-24,-0.0019227911380894638
2015-12-25,0.01722753241980723
2015-12-28,-0.01159825636367364
2015-12-29,-0.0001384717712101147
2015-12-30,0.001857084964185999
2015-12-31,-0.007316013968696482
2016-01-01,0.0016008336716256185
2016-01-04,0.0018192017433595479
2016-01-05,-0.009207082087213804
2016-01-06,-0.006105620112872135
2016-01-07,0.009294078004199395
2016-01-08,0.004496137560028722
2016-01-11,-0.0020794497856393944
2016-01-12,-0.0002298174674341734
2016-01-13,0.012030051534817938
2016-01-14,0.0004142296281730021
2016-01-15,0.006392342528939518
2016-01-18,-0.0017642336495744739
2016-01-19,0.006868430460918123
2016-01-20,0.012304512653085223
2016-01-21,-0.003958649191030036
2016-01-22,0.010052030225088212
2016-01-25,0.011192152539893795
2016-01-26,-0.011698951309876878
2016-01-27,0.005626379781495047
2016-01-28,-0.000233354779523924
2016-01-29,0.001427613474772893
2016-02-01,-0.0006983471707550815
2016-02-02,-0.014373391453332081
2016-02-03,-0.0022706427764670545
2016-02-04,-0.012235211944830633
2016-02-05,0.002560724103966022
2016-02-08,-0.013912763860408474
2016-02-09,-0.0007753360218926576
2016-02-10,0.004524711010756804
2016-02-11,0.004414023569503697
2016-02-12,0.0034121034365392124
2016-02-15,0.0055850762939305895
2016-02-16,-0.022961330585230835
2016-02-17,0.018998920897880828
2016-02-18,0.0070769831922959225
2016-02-19,0.0008228745703851073
2016-02-22,0.011051148444641038
2016-02-23,0.005011494191558303
2016-02-24,0.00729496138808592
2016-02-25,-0.0006352762741335981
2016-02-26,-0.005751430279977434
2016-02-29,0.002158252017629806
2016-03-01,-0.011498399383684502
2016-03-02,-0.01028046818065288
2016-03-03,-0.002117538805323055
2016-03-04,-0.005119125682750632
2016-03-07,-0.018329250404388247
2016-03-08,0.0007914288110608412
2016-03-09,0.0010268019444086228
2016-03-10,0.00991943144531946
2016-03-11,-0.009323441128294047
2016-03-14,-0.00036240201523930586
2016-03-15,-0.0014312850629115096
2016-03-16,-0.009610214735600444
2016-03-17,-0.0012069811201163604
2016-03-18,0.002331871305837398
2016-03-21,0.003253041081095852
2016-03-22,0.010458593113137236
2016-03-23,0.002895866291042333
2016-03-24,-0.0032464085529187777
2016-03-25,-0.006317029924601612
2016-03-28,0.009253132693287648
2016-03-29,-0.0038123176994525783
2016-03-30,0.0011045311257058584
2016-03-31,0.0024985678109702945
2016-04-01,-0.008230919642498686
2016-04-04,-0.01238715396673265
2016-04-05,-0.0009677398900233964
2016-04-06,0.003719380689204535
2016-04-07,-0.006535577966816543
2016-04-08,0.002270426515471739
2016-04-11,0.0056210402455134315
2016-04-12,0.002638269625996408
2016-04-13,0.012721754635594473
2016-04-14,-0.0018441654258694498
2016-04-15,0.0025916768425179593
2016-04-18,-0.001368233901347158
2016-04-19,-0.007323466592263513
2016-04-20,-0.005242486034947366
2016-04-21,0.01702474543224868
2016-04-22,-0.005056284855675659
2016-04-25,-0.002719785308238746
2016-04-26,-0.00045470852941431345
2016-04-27,0.008090160509179614
2016-04-28,0.008087067986265534
2016-04-29,0.0038392229203190282
2016-05-02,0.006254152509805978
2016-05-03,-0.0017842937736386262
2016-05-04,0.006091378535258096
2016-05-05,-0.006523668206996662
2016-05-06,0.010109929184544498
2016-05-09,-0.004544768534321198
2016-05-10,-0.012608774678001802
2016-05-11,0.005238127466425767
2016-05-12,0.0027600915452871766
2016-05-13,0.00011598440293462422
2016-05-16,0.012323921160806005
2016-05-17,0.014900636615784484
2016-05-18,-0.0017840075289752776
2016-05-19,-0.003036233458763688
2016-05-20,0.0018023894399991172
2016-05-23,-0.00577201071138765
2016-05-24,0.0018351597524858914
2016-05-25,0.0007678248760483578
2016-05-26,0.024893968523227734
2016-05-27,0.0032493889241744624
2016-05-30,0.0004038189753133505
2016-05-31,-0.009297872352475714
2016-06-01,0.0019157664618488627
2016-06-02,-0.0010559326580990129
2016-06-03,0.001788197007210975
2016-06-06,0.011024049572188051
2016-06-07,0.006507422333515576
2016-06-08,0.002386313118712682
2016-06-09,-0.002278046973516158
2016-06-10,5.839771645529371e-05
2016-06-13,-0.0005123399158145742
2016-06-14,0.00570056891866648
2016-06-15,0.012081918281613134
2016-06-16,-0.0073051110102775076
2016-06-17,0.0016598407201766714
2016-06-20,-0.0026949198567084425
2016-06-21,0.002498196837104485
2016-06-22,0.006230858865399107
2016-06-23,-0.0055499021423721095
2016-06-24,7.681106024491646e-05
2016-06-27,0.0066038156727932715
2016-06-28,0.0010033586560200122
2016-06-29,0.009590585286938605
2016-06-30,0.0034401581125147167
2016-07-01,0.013510041922797903
2016-07-04,0.007238523751626934
2016-07-05,-0.0007449499567480371
2016-07-06,-0.0037351516790942833
2016-07-07,0.00759471531905525
2016-07-08,-0.0024845265937078224
2016-07-11,-0.0011686011452829265
2016-07-12,0.01002755760962247
2016-07-13,0.003361664615795906
2016-07-14,-0.008422651016768304
2016-07-15,-0.003086262611081093
2016-07-18,-0.006464888434678372
2016-07-19,-0.002651566401708342
2016-07-20,0.008970054245964752
2016-07-21,0.0001533054661625163
2016-07-22,0.00087262089875499
2016-07-25,0.002111502107596531
2016-07-26,0.0030622262434023056
2016-07-27,0.005041982812016051
2016-07-28,-0.01494966405951666
2016-07-29,0.008876327609738801
2016-08-01,0.007436066868228878
2016-08-02,-0.002803851947172399
2016-08-03,-0.003428573033295734
2016-08-04,0.010277018826664581
2016-08-05,0.0009554880967053321
2016-08-08,0.0008267497003324844
2016-08-09,-0.005572507652454741
2016-08-10,0.007357030532637778
2016-08-11,0.007643582732859106
2016-08-12,0.003105038184862469
2016-08-15,-0.008407689354729818
2016-08-16,0.0020174794840306133
2016-08-17,0.017122648311019974
2016-08-18,-0.0037247827898284737
2016-08-19,0.002017192550408036
2016-08-22,-0.004486007110913107
2016-08-23,-0.011962559178835977
2016-08-24,0.004809930281400107
2016-08-25,0.015052163134012512
2016-08-26,0.0009359162746404658
2016-08-29,0.0011922261886125796
2016-08-30,0.0009537427439928227
2016-08-31,-0.003240879754746128
2016-09-01,0.013347476844805079
2016-09-02,-0.01009468382054255
2016-09-05,-0.006663092475065467
2016-09-06,-0.010986691946996193
2016-09-07,-0.0012153076491670807
2016-09-08,-0.00867212074205575
2016-09-09,0.012038208901249967
2016-09-12,-0.007036727517613242
2016-09-13,-0.015183347537254359
2016-09-14,0.009213630913694256
2016-09-15,-0.0037344805884358435
2016-09-16,0.009139370196327323
2016-09-19,0.017787514453822508
2016-09-20,-0.0005721131421563867
2016-09-21,0.012857599410419201
2016-09-22,-0.002303163990873141
2016-09-23,-0.008502788842564234
2016-09-26,0.008052494381397211
2016-09-27,0.006271301175797561
2016-09-28,-0.00038261760571932585
2016-09-29,0.00638310013927273
2016-09-30,-0.0032267214114313977
2016-10-03,-0.0044420311336825676
2016-10-04,0.005451356303911559
2016-10-05,0.004192122717713831
2016-10-06,-0.01428427811489985
2016-10-07,0.0023300264674015157
2016-10-10,-0.009949200650734683
2016-10-11,0.005836161493779453
2016-10-12,0.005639333776682512
2016-10-13,0.010723060885855023
2016-10-14,-0.002862694297100856
2016-10-17,0.00049985024334202
2016-10-18,0.003018420545701057
2016-10-19,-0.007917205836128255
2016-10-20,0.0034944157282917575
2016-10-21,0.0010974207616314732
2016-10-24,-0.012986720518188577
2016-10-25,-0.0007788580370053707
2016-10-26,-0.005863478310997771
2016-10-27,0.00824607515399602
2016-10-28,0.010973547622456416
2016-10-31,-0.005202412916506071
2016-11-01,0.007800512223290668
2016-11-02,0.021346500671678148
2016-11-03,0.01108583228528837
2016-11-04,-0.002814487593961295
2016-11-07,-0.005378077082919276
2016-11-08,0.0025806708012227585
2016-11-09,0.014399917400651229
2016-11-10,-0.001652901344562176
2016-11-11,-0.0005385260748986369
2016-11-14,-0.00312800201240181
2016-11-15,0.0006691789974874671
2016-11-16,0.005819321531089339
2016-11-17,0.00938051595397371
2016-11-18,-0.012326792249209805
2016-11-21,-0.0010283203943630811
2016-11-22,-0.005020329721681223
2016-11-23,0.005127198586650394
2016-11-24,0.010270957120509131
2016-11-25,-0.0036714537095777038
2016-11-28,-0.0018532022447254666
2016-11-29,0.0013583028768041098
2016-11-30,0.009664731794265044
2016-12-01,-0.0037060321065233255
2016-12-02,0.000407434462075019
2016-12-05,0.003956323716405442
2016-12-06,-0.0041526040219725
2016-12-07,0.0004830149687563534
2016-12-08,-0.0019820420666414856
2016-12-09,0.00416722981209402
2016-12-12,-0.0013806620733882366
2016-12-13,-0.01454989004711646
2016-12-14,0.0065312779601179385
2016-12-15,-0.0041956629541869
2016-12-16,0.0029331812596287343
2016-12-19,-0.0036519857197398224
2016-12-20,0.0013761317084425176
2016-12-21,0.004590988422384735
2016-12-22,-0.003843831651622792
2016-12-23,0.002695326762576524
2016-12-26,-0.0014964009011528216
2016-12-27,0.005987233795558196
2016-12-28,0.0037765988329605234
2016-12-29,0.014679943161575048
2016-12-30,-0.008438905970882628
2017-01-02,0.009762710035767178
2017-01-03,0.0026257268772392948
2017-01-04,0.010154678533657802
2017-01-05,0.002120185347193055
2017-01-06,-0.004293618924435501
2017-01-09,0.0016173818952756797
2017-01-10,-0.0021626009187627514
2017-01-11,-0.0034274414106602773
2017-01-12,0.016195292830346913
2017-01-13,0.010225469831819461
2017-01-16,0.015572420145040122
2017-01-17,0.003989259668308466
2017-01-18,0.005628688793091277
2017-01-19,0.00042700419002922633
2017-01-20,-0.0010180052875468119
2017-01-23,-0.0012225084070509472
2017-01-24,-0.006149333898901382
2017-01-25,0.002675578537717647
2017-01-26,0.009525402907488718
2017-01-27,-0.010467848542778786
2017-01-30,0.013298988173759909
2017-01-31,0.004192293759991232
2017-02-01,0.0029021126911669788
2017-02-02,0.01140258898483614
2017-02-03,0.01473724661048881
2017-02-06,0.006734957798799291
2017-02-07,-0.0035741706743643497
2017-02-08,-0.002640267773443921
2017-02-09,0.012213884846694445
2017-02-10,3.272155507087803e-05
2017-02-13,0.0014847570796886738
2017-02-14,0.0016659416766958072
2017-02-15,0.007956171219017727
2017-02-16,0.004672583287009736
2017-02-17,0.002465453427608356
2017-02-20,-0.012917027773853996
2017-02-21,0.002235839819746482
2017-02-22,-0.008666315251262012
2017-02-23,0.002070824087069067
2017-02-24,0.007466655903077768
2017-02-27,-0.007085093115771957
2017-02-28,-0.002277757963756455
2017-03-01,0.0012419123005407685
2017-03-02,0.0004773421635062262
2017-03-03,0.008895169181109858
2017-03-06,-0.0058344631040954205
2017-03-07,-0.01220767508250797
2017-03-08,0.0012686983481838116
2017-03-09,0.013143536795044724
2017-03-10,0.0014587142831548644
2017-03-13,0.0014769476209365805
2017-03-14,0.006582442567843346
2017-03-15,-0.0004559804813000965
2017-03-16,0.0038164114029706608
2017-03-17,-0.0029776118050423243
2017-03-20,-0.00524366120938692
2017-03-21,-0.007499562233156102
2017-03-22,0.0039233542213482926
2017-03-23,0.006582544844045404
2017-03-24,0.00629498377906033
2017-03-27,-0.0017607623697426542
2017-03-28,-0.015123170265986797
2017-03-29,-0.00923042368437722
2017-03-30,-0.017239136894551362
2017-03-31,0.007395460365132198
2017-04-03,-0.0012237636788943105
2017-04-04,-0.005853445426130732
2017-04-05,0.0013733862583872767
2017-04-06,-6.99348996353608e-05
2017-04-07,-0.00554007175323544
2017-04-10,-0.012478067932637617
2017-04-11,-0.0005449056923674954
2017-04-12,0.0026860556490765517
2017-04-13,-0.009594999435092049
2017-04-14,-0.01458155392566713
2017-04-17,-0.019762955967232546
2017-04-18,0.00697297002709822
2017-04-19,0.0036350408708176575
2017-04-20,0.0007220268074642413
2017-04-21,0.004534854398069451
2017-04-24,0.01579062727642578
2017-04-25,-0.0022571649303458367
2017-04-26,0.00038092425049963627
2017-04-27,0.008743179784187455
2017-04-28,0.00324047733120342
2017-05-01,0.0007874288489231663
2017-05-02,-2.5860992586876352e-05
2017-05-03,0.0035954247224739937
2017-05-04,0.007767310984741487
2017-05-05,-0.0037604586197947055
2017-05-08,0.0004258633306543704
2017-05-09,0.00022297253522543547
2017-05-10,-0.0012536695048004632
2017-05-11,-0.003321557799148325
2017-05-12,0.013057243451205963
2017-05-15,-0.014812213166190982
2017-05-16,-0.00218163817378827
2017-05-17,-0.005971187453801588
2017-05-18,0.005321195387388896
2017-05-19,0.006053037974358366
2017-05-22,0.0012828454058937564
2017-05-23,-0.0003185575348315119
2017-05-24,-0.010109219257783571
2017-05-25,-0.005093825334371822
2017-05-26,0.001978266021426763
2017-05-29,0.005706245966126231
2017-05-30,0.0021052380308257124
2017-05-31,-0.011212526436346668
2017-06-01,0.007213727479059307
2017-06-02,0.0034405834732302654
2017-06-05,-0.006009242748169449
2017-06-06,-0.017758427322711035
2017-06-07,-0.004979193479581254
2017-06-08,0.005685471853141178
2017-06-09,0.007224549424739001
2017-06-12,0.007735773464315932
2017-06-13,0.004548673562080657
2017-06-14,-0.008333796680076914
2017-06-15,0.0712983787318846
2017-06-16,-0.001732538015913928
2017-06-19,-0.003415436067233206
2017-06-20,0.011061546356366083
2017-06-21,-0.0024506418340706024
2017-06-22,0.0001457998663523969
2017-06-23,-0.005409966620494204
2017-06-26,-0.0023224814136219617
2017-06-27,0.014229039550874786
2017-06-28,0.00799742867934206
2017-06-29,-0.008878588580093747
2017-06-30,-0.011391078658776494
2017-07-03,0.002247367653185471
2017-07-04,-0.012851659836522797
2017-07-05,-0.0019921410905376635
2017-07-06,0.005776439614745408
2017-07-07,0.007702837430276323
2017-07-10,0.00023680612498498666
2017-07-11,-0.005075743140976534
2017-07-12,-0.0003882675900959407
2017-07-13,0.005883039247809743
2017-07-14,-0.0028004388016045568
2017-07-17,0.00515086158368355
2017-07-18,0.0065503009915900785
2017-07-19,0.0007332880509853695
2017-07-20,0.015393104778642312
2017-07-21,0.02105180753108039
2017-07-24,-0.015812770765228863
2017-07-25,0.005961891502634268
2017-07-26,0.0007526561953660285
2017-07-27,-0.003739886171309688
2017-07-28,0.0005090337463944094
2017-07-31,-0.008621277455806643
2017-08-01,-0.0039030879656829134
2017-08-02,0.002575913466843519
2017-08-03,0.011318352371499658
2017-08-04,-0.0027695434954281535
2017-08-07,0.0032203655181665004
2017-08-08,-0.0017512418843521965
2017-08-09,0.0014096522201812334
2017-08-10,0.0051584450233469244
2017-08-11,0.004830784959085547
2017-08-14,0.03909243202603322
2017-08-15,0.00251919863744002
2017-08-16,-0.001935832728446413
2017-08-17,0.01024523529239537
2017-08-18,0.0029448099669501454
2017-08-21,-0.0008438832318928894
2017-08-22,0.002782776447419189
2017-08-23,-0.0058014342588100214
2017-08-24,-0.00943260258361561
2017-08-25,-0.005933111388390026
2017-08-28,-0.006122445696286625
2017-08-29,-0.007070188769061913
2017-08-30,-0.007117211049934957
2017-08-31,0.0008703806405787335
2017-09-01,-0.010278192684746536
2017-09-04,-0.015770096069910075
2017-09-05,0.0015911358089950017
2017-09-06,-0.01410111670832331
2017-09-07,0.0037519648000662346
2017-09-08,0.00912100699439964
2017-09-11,-0.005833803111090673
2017-09-12,-0.003004773489478656
2017-09-13,0.0012880539895390544
2017-09-14,0.0034556960938490044
2017-09-15,-0.0009175849171995352
2017-09-18,0.0026829276266673832
2017-09-19,-0.0015771377643093102
2017-09-20,-0.007047966146979015
2017-09-21,-0.0019408380398623622
2017-09-22,-0.006695995483679536
2017-09-25,0.0005144045857291389
2017-09-26,-0.00038261826331341853
2017-09-27,0.00913636023790645
2017-09-28,0.008240331923572982
2017-09-29,-0.005376614925677425
2017-10-02,-0.012439931447763614
2017-10-03,-0.001422625007322784
2017-10-04,0.004027506674783278
2017-10-05,0.016809939832699187
2017-10-06,0.004605195563806414
2017-10-09,-0.0003276877777617141
2017-10-10,0.007464469186405991
2017-10-11,0.0008182375233349308
2017-10-12,-0.00952524159627685
2017-10-13,-0.010548589768059667
2017-10-16,0.006879904493359432
2017-10-17,-0.009256109476161376
2017-10-18,-0.014810540773233526
2017-10-19,0.019945730902748572
2017-10-20,0.008435436483734944
2017-10-23,-0.0053592511421059735
2017-10-24,-0.0033845991948602584
2017-10-25,0.0014938240094822268
2017-10-26,-0.007589167819312424
2017-10-27,-0.0047109448378048055
2017-10-30,0.008485996598723549
2017-10-31,0.016765927133890732
2017-11-01,0.007472747421693515
2017-11-02,0.004517991689737057
2017-11-03,0.012088586483284001
2017-11-06,-0.004082141797842275
2017-11-07,0.0018792885910531576
2017-11-08,0.007817994495973164
2017-11-09,0.0007770483021936864
2017-11-10,-0.0066165037638411086
2017-11-13,0.005880085620669767
2017-11-14,0.0006544016452284566
2017-11-15,0.0034961985376814097
2017-11-16,-0.014880724358958423
2017-11-17,0.02044970630625792
2017-11-20,0.001622605875504045
2017-11-21,-0.0004453811279190357
2017-11-22,-0.002543216327017467
2017-11-23,-0.007832226404684969
2017-11-24,-0.012170579644522493
2017-11-27,-0.005301526339113658
2017-11-28,0.00749326824188717
2017-11-29,0.006312706579326131
2017-11-30,0.006689941449578411
2017-12-01,0.005477809194509541
2017-12-04,0.009476025843945076
2017-12-05,0.0008145781837658353
2017-12-06,-0.010420920041639792
2017-12-07,0.0009343088254136362
2017-12-08,0.006551511659060072
2017-12-11,-0.0014492412242291094
2017-12-12,0.004269392640504142
2017-12-13,0.004049738637207335
2017-12-14,0.014114865512181256
2017-12-15,-0.0005194937854497439
2017-12-18,0.003669150831009625
2017-12-19,0.004995136650633407
2017-12-20,-0.014475687516933964
2017-12-21,-0.01302802617090669
2017-12-22,-0.00026281791616754855
2017-12-25,-0.0046711481836170495
2017-12-26,-0.013048764123456022
2017-12-27,0.004714125762726774
2017-12-28,0.0040965155952233595
2017-12-29,0.019162884341939832
2018-01-01,0.0023195905434160967
2018-01-02,-0.0009142150731690087
2018-01-03,-0.0019459832104193866
2018-01-04,0.0019432900923775937
2018-01-05,0.004097948323852558
2018-01-08,-0.0027045657672586714
2018-01-09,0.0012040977727973408
2018-01-10,-0.01583262986753037
2018-01-11,-0.012821096175980234
2018-01-12,-0.028634180610125966
2018-01-15,-0.000685029823182119
2018-01-16,-0.02496046260930886
2018-01-17,0.005706340922854837
2018-01-18,-0.01238806829886861
2018-01-19,-0.0002395339898393265
2018-01-22,0.001482070318394704
2018-01-23,0.02111701838939847
2018-01-24,0.011904868289091923
2018-01-25,-0.0100545807183366
2018-01-26,-0.0004444330561896668
2018-01-29,0.0024716905549875346
2018-01-30,0.01008890119594787
2018-01-31,0.001957163457746767
2018-02-01,0.002872307495706868
2018-02-02,0.003942695035448753
2018-02-05,0.007907681256535537
2018-02-06,-0.005116975658749677
2018-02-07,-0.004299974529255486
2018-02-08,0.0016708672655997706
2018-02-09,-0.0008227335581145129
2018-02-12,0.003993690669819329
2018-02-13,0.006789065386978162
2018-02-14,0.003103840825933419
2018-02-15,0.008961506903003381
2018-02-16,-0.023806630510076535
2018-02-19,0.0034629672326516687
2018-02-20,-0.005618301782150254
2018-02-21,-0.006392733850993487
2018-02-22,0.005389490654392619
2018-02-23,0.02398834269390996
2018-02-26,0.006176787610920894
2018-02-27,-0.008422975035980284
2018-02-28,0.0005849582161268813
2018-03-01,-0.0022178995816609726
2018-03-02,-0.002792087604838781
2018-03-05,0.011250327765748028
2018-03-06,0.000582441486388704
2018-03-07,0.0005061436462596625
2018-03-08,-0.0019819701512592096
2018-03-09,0.005882597320234205
2018-03-12,0.002538517602070413
2018-03-13,0.006082842043353751
2018-03-14,-0.006785346291066028
2018-03-15,0.0005069656683951586
2018-03-16,0.007814296891233145
2018-03-19,0.00018738822752003312
2018-03-20,0.008478205169820601
2018-03-21,0.007528885890368829
2018-03-22,-0.015519153101396066
2018-03-23,0.004294188803376467
2018-03-26,0.0036490054388443015
2018-03-27,-0.006065343163468871
2018-03-28,0.011328887471486214
2018-03-29,-0.0235900304964846
2018-03-30,0.0020193191399950116
2018-04-02,0.007147353901049215
2018-04-03,-0.003818830883682089
2018-04-04,0.016970091357599002
2018-04-05,-0.0050390893569128604
2018-04-06,-0.01216142009645218
2018-04-09,0.005928312934199753
2018-04-10,0.006192971645835424
2018-04-11,-0.0007313039797963476
2018-04-12,0.0035733039741794237
2018-04-13,0.005510278954013522
2018-04-16,0.001160549438833352
2018-04-17,-0.014856385971480427
2018-04-18,-0.00711348792697163
2018-04-19,-0.00034094534266822674
2018-04-20,0.0007909339162206385
2018-04-23,-0.010412885815593702
2018-04-24,0.015169391373379
2018-04-25,0.0003222758810366116
2018-04-26,0.007038645423432515
2018-04-27,0.007652123094979155
2018-04-30,-0.0011841888617690943
2018-05-01,0.010524019411977082
2018-05-02,-0.0023293359123119596
2018-05-03,-0.003490952352749462
2018-05-04,0.001176216783813689
2018-05-07,0.008752075443443863
2018-05-08,-0.010079574532592079
2018-05-09,-0.011134447321412003
2018-05-10,0.008042841660198335
2018-05-11,0.00657442540992406
2018-05-14,0.0008359481998349118
2018-05-15,0.004554088910688226
2018-05-16,0.01120420666712387
2018-05-17,0.0040749249865072185
2018-05-18,-0.005820220002031776
2018-05-21,0.0039198718965070874
2018-05-22,-0.004467712596278571
2018-05-23,0.013057765488610668
2018-05-24,0.016407501701879306
2018-05-25,-0.010948883226254516
2018-05-28,-0.006684296081384153
2018-05-29,-0.011645724468998423
2018-05-30,0.007303545392050545
2018-05-31,-0.0020908330257934102
2018-06-01,0.00017233813279235466
2018-06-04,0.009818057521039031
2018-06-05,0.0024489260974550273
2018-06-06,-0.014723272572979024
2018-06-07,0.009969721513848727
2018-06-08,0.002711826931573051
2018-06-11,0.0012348419842162246
2018-06-12,0.0019307477408063703
2018-06-13,0.006077016259791676
2018-06-14,-0.005192158289495884
2018-06-15,0.004890510697501705
2018-06-18,-8.351132054539999e-05
2018-06-19,-0.012444127294148942
2018-06-20,-0.0013890507618649786
2018-06-21,-0.0016584517657339583
2018-06-22,0.012645795854802034
2018-06-25,-0.010179769039222682
2018-06-26,0.0071320825927474
2018-06-27,-0.0066772691764403185
2018-06-28,-0.0196380892298878
2018-06-29,0.002068486546104334
2018-07-02,0.014460248136381295
2018-07-03,-0.006166671977291611
2018-07-04,0.008037170079104287
2018-07-05,0.0019363211131540293
2018-07-06,-0.0026625049865238153
2018-07-09,0.015633579819253677
2018-07-10,0.018837745361495933
2018-07-11,0.0032317247893260542
2018-07-12,0.002654675687878837
2018-07-13,-0.001503387461867071
2018-07-16,-0.0022391134254779862
2018-07-17,-0.010729232461289798
2018-07-18,0.015109291208881784
2018-07-19,-0.0033618273308207523
2018-07-20,-0.008115549197144141
2018-07-23,-0.008561008576653938
2018-07-24,-0.0001972361367919655
2018-07-25,-0.006215429992073396
2018-07-26,0.018174312161175498
2018-07-27,0.009970710388862075
2018-07-30,0.0010988962121485112
2018-07-31,0.0009120568276676706
2018-08-01,-0.002332753187950256
2018-08-02,-0.0069024258420752466
2018-08-03,-0.00848502947557425
2018-08-06,0.0020314125424053748
2018-08-07,-0.014832012683335474
2018-08-08,0.0006241994987511935
2018-08-09,0.005736162935225001
2018-08-10,-0.013068842596607741
2018-08-13,-0.015177878122579775
2018-08-14,0.01164602635752482
2018-08-15,0.0009349019151187839
2018-08-16,0.0147241885220999
2018-08-17,0.005155525040830994
2018-08-20,0.001339155046107948
2018-08-21,-0.015327780085528486
2018-08-22,0.0020664515918400466
2018-08-23,0.006316758977469471
2018-08-24,0.007460411640035857
2018-08-27,0.006021966454688034
2018-08-28,-0.007575974391397717
2018-08-29,-0.0028791007522841394
2018-08-30,0.0025841704229492305
2018-08-31,-0.003151654234003514
2018-09-03,-0.005801834243529174
2018-09-04,0.0002498966095870772
2018-09-05,0.005208937405177438
2018-09-06,-0.002818270143717795
2018-09-07,-0.002244820554492665
2018-09-10,-0.0042322848309899515
2018-09-11,-0.0015134546768082182
2018-09-12,0.002389614497918904
2018-09-13,-0.010348292838138621
2018-09-14,-0.0055385637438750916
2018-09-17,0.01144604791450536
2018-09-18,0.00727291166372
2018-09-19,0.0011152113552684421
2018-09-20,-0.008151593932982424
2018-09-21,0.0034666538253346046
2018-09-24,0.011597510515001738
2018-09-25,0.003689062884221556
2018-09-26,-0.004695505350004365
2018-09-27,-0.00673432858454838
2018-09-28,0.00611572933145833
2018-10-01,0.006176131887512354
2018-10-02,0.004421064570644868
2018-10-03,-0.005210529799814255
2018-10-04,-0.010049757434030044
2018-10-05,0.0012253503751855058
2018-10-08,0.001117102619400384
2018-10-09,-0.000942198670281835
2018-10-10,0.01000140844051381
2018-10-11,0.0018439430106069357
2018-10-12,0.001120415763859597
2018-10-15,0.01930416785025315
2018-10-16,-0.011150672754647357
2018-10-17,-0.0007799586156245829
2018-10-18,-0.006360515035609421
2018-10-19,-0.0015519793510709132
2018-10-22,0.00518861197777692
2018-10-23,0.008917543072854361
2018-10-24,0.0050009136558511365
2018-10-25,-0.0056337684167837064
2018-10-26,-0.005750029588804152
2018-10-29,0.00546384734842033
2018-10-30,-0.003026373103349107
2018-10-31,0.0029094646534210903
2018-11-01,-0.0032437586750591156
2018-11-02,-0.011915503695400977
2018-11-05,0.005949608233318797
2018-11-06,0.00886776658465355
2018-11-07,0.002717663124817981
2018-11-08,0.023132934731860573
2018-11-09,-0.006718180246912448
2018-11-12,-0.022593650234622092
2018-11-13,-0.008090427299529867
2018-11-14,-0.0029595948521966824
2018-11-15,0.012132841154855835
2018-11-16,0.0034832439918953094
2018-11-19,-0.01005201869624296
2018-11-20,0.013496934125326522
2018-11-21,-0.015729180929386917
2018-11-22,-0.001927564605971459
2018-11-23,-0.01624280065730251
2018-11-26,0.01143557372549807
2018-11-27,-0.008374675319891209
2018-11-28,0.01318961687620307
2018-11-29,0.005002427154765221
2018-11-30,-0.0007779972392179533
2018-12-03,-0.012296331996935408
2018-12-04,0.0053412712725251724
2018-12-05,0.002815195401637144
2018-12-06,-0.007852877109918378
2018-12-07,-0.002280563509080814
2018-12-10,-0.011619634727524432
2018-12-11,0.0017799947817002289
2018-12-12,0.011325860399379
2018-12-13,0.006125663460770688
2018-12-14,0.0015528305917280262
2018-12-17,3.9175701277781956e-05
2018-12-18,-0.0028113850379930493
2018-12-19,-0.00033112095722712836
2018-12-20,0.0003107046676080412
2018-12-21,-0.005116478890338964
2018-12-24,-0.00287353335939844
2018-12-25,-0.015836730840855573
2018-12-26,0.025762618369816703
2018-12-27,8.712823200405216e-05
2018-12-28,0.008440733853411151
2018-12-31,-0.008239358521269408
2019-01-01,-0.0013766592078811553
2019-01-02,0.002714087018871477
2019-01-03,0.008587840377378027
2019-01-04,0.0012650848214211335
2019-01-07,0.00729700142895541
2019-01-08,0.0029716761881990873
2019-01-09,0.00013637820036032343
2019-01-10,-0.006974045545185976
2019-01-11,0.007842354428861224
2019-01-14,-0.007629133741841971
2019-01-15,0.005655597153794637
2019-01-16,-0.003313133475144445
2019-01-17,-0.00870904470739586
2019-01-18,-0.0033847297760335633
2019-01-21,-0.0015148216450094302
2019-01-22,-0.010885606033643079
2019-01-23,-0.002802687093729001
2019-01-24,-0.0024188435549740107
2019-01-25,0.007443675219013099
2019-01-28,0.006204271582665114
2019-01-29,0.007272006427890763
2019-01-30,0.0028030530309899153
2019-01-31,0.009616702970769928
2019-02-01,0.02523134249247359
2019-02-04,0.01124606835891261
2019-02-05,-0.001944377731792015
2019-02-06,0.0035037133073889575
2019-02-07,0.006295680391520529
2019-02-08,-0.010080119093409267
2019-02-11,0.005358779632910263
2019-02-12,0.044646112065725205
2019-02-13,0.006456945200260517
2019-02-14,0.00752282288071174
2019-02-15,-0.001134914485751139
2019-02-18,0.010882106964202871
2019-02-19,-0.0087717099843204
2019-02-20,-0.010913690176478554
2019-02-21,0.001373629854423865
2019-02-22,0.00953811307263925
2019-02-25,-0.006315801732472835
2019-02-26,0.006619128036344315
2019-02-27,-0.007512810167387626
2019-02-28,0.0014520422759276013
2019-03-01,0.0028307633971985206
2019-03-04,0.012233480891418496
2019-03-05,-0.01972626266654477
2019-03-06,0.014561779006237764
2019-03-07,-0.0021834006346249293
2019-03-08,-0.015305057873434027
2019-03-11,-0.005051362324387953
2019-03-12,0.004987874837084855
2019-03-13,0.013517140940975444
2019-03-14,-0.005811393604800157
2019-03-15,0.0008388060102573582
2019-03-18,-0.000679170709390733
2019-03-19,-0.006559719236600043
2019-03-20,0.0036779630071758452
2019-03-21,-0.0026749507873556656
2019-03-22,-0.009787827987572138
2019-03-25,-0.005081614363228597
2019-03-26,0.020608919130244638
2019-03-27,0.0020064258438955004
2019-03-28,-0.013227227772545529
2019-03-29,-0.011871697018437006
2019-04-01,0.001182722450038805
2019-04-02,-0.023577421349917343
2019-04-03,0.005119292063705288
2019-04-04,0.005246839467279643
2019-04-05,0.002693521143753332
2019-04-08,0.00761788895282473
2019-04-09,-0.006343798443579121
2019-04-10,-0.0015961460371512828
2019-04-11,-0.0058363487506426955
2019-04-12,-0.000513115120690007
2019-04-15,-0.002399701744955556
2019-04-16,0.016102617267470445
2019-04-17,0.01701139757379352
2019-04-18,-0.005727725332511097
2019-04-19,-0.01045946794722324
2019-04-22,-0.0016830490100847985
2019-04-23,0.0039408533627267135
2019-04-24,0.005879914643681489
2019-04-25,0.006264340886976671
2019-04-26,0.0007516044873914617
2019-04-29,0.0016275453566777232
2019-04-30,-0.00021403066170922152
2019-05-01,0.010199452592482419
2019-05-02,0.0034907372258261753
2019-05-03,0.005125863178435475
2019-05-06,-0.003099178535906315
2019-05-07,0.006827938224396883
2019-05-08,0.006123875916372396
2019-05-09,-0.008420853368832824
2019-05-10,0.002538248710812539
2019-05-13,0.008076869536536793
2019-05-14,0.014525166180743771
2019-05-15,-0.012438552694433148
2019-05-16,0.004677571911259847
2019-05-17,0.004249010551669058
2019-05-20,-0.0011495606081358028
2019-05-21,0.012418827169078458
2019-05-22,0.000487351725015815
2019-05-23,-0.0023969261485920256
2019-05-24,0.005943815557838831
2019-05-27,0.001189684328545272
2019-05-28,-0.010055143802895308
2019-05-29,0.010573999027723043
2019-05-30,0.0028629101968922314
2019-05-31,0.019411382820659163
2019-06-03,0.010032229456753038
2019-06-04,-0.007357003454425404
2019-06-05,0.0069199799123191505
2019-06-06,0.0025017553594092736
2019-06-07,0.003629261651350693
2019-06-10,0.0020445593721615694
2019-06-11,-0.004539427689719324
2019-06-12,-0.0028502991871103937
2019-06-13,-0.00029136985989400613
2019-06-14,-0.016802546609681484
2019-06-17,-0.006402223701377415
2019-06-18,-0.002018532670239581
2019-06-19,0.0029630802559787025
2019-06-20,0.0067579207577856725
2019-06-21,-0.0089804871128324
2019-06-24,0.0012113980313854663
2019-06-25,-0.0011401448431757981
2019-06-26,0.005228621263942936
2019-06-27,0.004828254833026008
2019-06-28,-0.01376335949700051
2019-07-01,0.0023602703913230194
2019-07-02,0.04158882112912604
2019-07-03,-0.004253815882932624
2019-07-04,0.001132415621194283
2019-07-05,2.990618930247507e-05
2019-07-08,0.0052852843977852365
2019-07-09,-0.005591637090738829
2019-07-10,0.008120053423251188
2019-07-11,0.003148017367313425
2019-07-12,-0.009913682564029988
2019-07-15,0.011099843303447269
2019-07-16,9.117852097697827e-05
2019-07-17,-0.007362780219489537
2019-07-18,0.006057229351553001
2019-07-19,-0.011407154816764725
2019-07-22,-0.014144709503788922
2019-07-23,-0.00030365545541964677
2019-07-24,0.006897304201673397
2019-07-25,0.00884524682936293
2019-07-26,0.03000244193897147
2019-07-29,-0.005696253570852184
2019-07-30,-0.006658205420195926
2019-07-31,-0.001010308360146452
2019-08-01,0.006595655732521537
2019-08-02,0.007932154627054808
2019-08-05,-0.005531398864949926
2019-08-06,0.004302837450717245
2019-08-07,-0.010504660626199647
2019-08-08,0.011995424674682642
2019-08-09,0.01003352098028962
2019-08-12,0.0056702058603076925
2019-08-13,0.009948748386485518
2019-08-14,-0.004125475484571528
2019-08-15,-0.009507731487505116
2019-08-16,-0.014079970338622544
2019-08-19,0.00545788916966162
2019-08-20,-0.00035571020002465805
2019-08-21,-0.0016571248580917904
2019-08-22,0.007314313561734409
2019-08-23,0.017986991692251552
2019-08-26,0.013826310729083842
2019-08-27,0.003880479826410054
2019-08-28,0.0014258076405629498
2019-08-29,-0.006169726896024774
2019-08-30,0.005225955779213673
2019-09-02,0.0025941269611633286
2019-09-03,-0.0020252036829011616
2019-09-04,0.005708391807477788
2019-09-05,0.016257187254275194
2019-09-06,-0.008288306971477448
2019-09-09,0.021005520582767327
2019-09-10,0.012019360366925778
2019-09-11,-0.004977441796867445
2019-09-12,0.007489508578934061
2019-09-13,0.011548374850316422
2019-09-16,0.000701675367902472
2019-09-17,0.0005621070044760452
2019-09-18,0.011730336024334823
2019-09-19,-0.0004489522234274925
2019-09-20,-0.0024466172716921157
2019-09-23,-0.0025358453580493186
2019-09-24,0.0005284035049728593
2019-09-25,0.012980498860178134
2019-09-26,-0.00290670499564169
2019-09-27,-0.006874094183598115
2019-09-30,0.008300848469548212
2019-10-01,-0.007479652416240493
2019-10-02,0.004417120173966253
2019-10-03,-0.004243824148927397
2019-10-04,-0.026452752211669345
2019-10-07,0.0029549423352322585
2019-10-08,-0.00014950161523973765
2019-10-09,-0.00043040065971392785
2019-10-10,-0.00531663817589338
2019-10-11,-0.004404550302266906
2019-10-14,0.005741716781491647
2019-10-15,-0.011010055146977213
2019-10-16,-0.00012594313972456254
2019-10-17,-0.008459060422778684
2019-10-18,0.005921704806116391
2019-10-21,0.002254168631944449
2019-10-22,0.0043014906087648856
2019-10-23,-0.042904776657251203
2019-10-24,-0.00902182443685941
2019-10-25,-0.013903540405000005
2019-10-28,0.0145122807363574
2019-10-29,-0.0028406770951128852
2019-10-30,-0.002664281486406507
2019-10-31,0.001527947393555897
2019-11-01,-0.0033742065922737763
2019-11-04,-0.01806992628449319
2019-11-05,0.015543656360083678
2019-11-06,-0.013897862033677837
2019-11-07,0.012011613111698596
2019-11-08,-0.003305078251612102
2019-11-11,-0.002778658841221149
2019-11-12,-0.026109237061227468
2019-11-13,-0.001542540218635663
2019-11-14,-0.01705691877621747
2019-11-15,0.0069494624236072665
2019-11-18,0.0031762931863031623
2019-11-19,-0.005553477607127813
2019-11-20,-0.007151905106191188
2019-11-21,-0.006462828882216157
2019-11-22,0.0011424119634717675
2019-11-25,-0.0037368957690366725
2019-11-26,-0.0016272276826741693
2019-11-27,-0.006343918226080012
2019-11-28,0.013051559231316902
2019-11-29,0.003632316957047373
2019-12-02,0.005301978243514416
2019-12-03,0.00326977844836431
2019-12-04,0.005616284865482093
2019-12-05,0.004420521546123198
2019-12-06,0.000444309591986052
2019-12-09,-0.0029222831246923427
2019-12-10,0.0009674029094444709
2019-12-11,7.368561912737695e-05
2019-12-12,0.022043432540110548
2019-12-13,-0.010270318448453556
2019-12-16,-0.0009977575276794005
2019-12-17,0.018498455813613774
2019-12-18,-0.01139524431704184
2019-12-19,-0.0012678794089629553
2019-12-20,0.005918670420558855
2019-12-23,-0.0014590944962058203
2019-12-24,-0.0037569339916651897
2019-12-25,0.015064914269351502
2019-12-26,-0.0008285482568770558
2019-12-27,-0.005226672298146164
2019-12-30,0.020615841332178444
2019-12-31,-1.202869360456449e-05
2020-01-01,-0.0017080756316644747
2020-01-02,-0.004743635889887348
2020-01-03,-0.008407224720663228
2020-01-06,-0.0014378885677565924
2020-01-07,-0.002432013618116565
2020-01-08,0.006769731698080978
2020-01-09,-0.002777739020992918
2020-01-10,0.0004921621458502333
2020-01-13,-0.009235505201700724
2020-01-14,-0.011149962938877985
2020-01-15,0.011995033002845212
2020-01-16,0.00045400031978106326
2020-01-17,0.0023929949634208377
2020-01-20,0.0014674636681870346
2020-01-21,0.006547252535771697
2020-01-22,-0.014819470949567645
2020-01-23,0.006249011993967634
2020-01-24,-0.011663953274691791
2020-01-27,-0.002938882043526495
2020-01-28,-0.005868969223116314
2020-01-29,0.0016192939497231876
2020-01-30,0.006084574083857028
2020-01-31,-0.004656330843399737
2020-02-03,-0.014442958258124583
2020-02-04,0.0006787605424084858
2020-02-05,0.0033063839060545617
2020-02-06,0.016312863805167603
2020-02-07,0.002829764828381803
2020-02-10,-0.007950548013486545
2020-02-11,-0.005666830039558997
2020-02-12,-0.00030512671249406024
2020-02-13,-0.010821296333495876
2020-02-14,-0.001719956214537647
2020-02-17,0.0048539220558094535
2020-02-18,0.0285008691215372
2020-02-19,-0.0065722870306430415
2020-02-20,-0.003261403551224916
2020-02-21,-0.0011237856007983596
2020-02-24,0.0006186584458689511
2020-02-25,0.0020640618131229456
2020-02-26,-2.25620091234887e-05
2020-02-27,0.017049073657324155
2020-02-28,-0.015809937077156926
2020-03-02,0.003409556832892579
2020-03-03,0.008658966467062457
2020-03-04,-0.004587858354997644
2020-03-05,0.010654482718650648
2020-03-06,-0.0058840111924621545
2020-03-09,-0.00257813835154639
2020-03-10,-0.0035471068390477405
2020-03-11,-0.005242668657504919
2020-03-12,0.0013174233635650215
2020-03-13,-0.016180271059338166
2020-03-16,0.0020105500197384303
2020-03-17,0.010933505474664623
2020-03-18,-0.005085451298332201
2020-03-19,0.005476290001518245
2020-03-20,-0.01970112592047489
2020-03-23,0.00764285681128075
2020-03-24,0.004779249432245374
2020-03-25,-0.0007983235399745003
2020-03-26,0.001097140971634262
2020-03-27,0.0005976785172943714
2020-03-30,0.01468958725572509
2020-03-31,0.004604851107224688
2020-04-01,0.0007341292457572633
2020-04-02,-0.0036805967475506433
2020-04-03,0.005019567115305065
2020-04-06,-0.020126924448867652
2020-04-07,-0.019604247239011243
2020-04-08,0.002891041444387753
2020-04-09,0.002588467171885437
2020-04-10,0.013497727617101104
2020-04-13,0.0009026151890822891
2020-04-14,-0.005815843534181591
2020-04-15,-0.004128039946495316
2020-04-16,-0.0009503371746170549
2020-04-17,-0.006883469712748462
2020-04-20,-0.0071476964833657505
2020-04-21,0.0015116683139386254
2020-04-22,-0.015170055368444468
2020-04-23,-0.0003021965338754647
2020-04-24,0.008833157257313401
2020-04-27,0.001092006407235419
2020-04-28,-0.0033339440011987704
2020-04-29,-0.0023038991964350096
2020-04-30,-0.007355782158261631
2020-05-01,0.006232231128330915
2020-05-04,-0.0024499798902177187
2020-05-05,0.03120854497451232
2020-05-06,0.0024991038231573486
2020-05-07,-2.5896153634046752e-05
2020-05-08,0.01446301084416985
2020-05-11,0.005401750089974198
2020-05-12,0.001711475210819321
2020-05-13,0.007383558150165566
2020-05-14,0.005910844733180496
2020-05-15,0.00988959458566813
2020-05-18,-0.01728844833472102
2020-05-19,0.017165731461556408
2020-05-20,0.010222299205771968
2020-05-21,0.0007349588735331991
2020-05-22,0.003720040482040986
2020-05-25,-0.0031521096655435926
2020-05-26,0.004934861569975103
2020-05-27,-0.006196381576312194
2020-05-28,-0.009947858673358716
2020-05-29,-0.0010274180090248896
2020-06-01,-0.0018482062076456663
2020-06-02,-0.004664408765694134
2020-06-03,0.02573275100817135
2020-06-04,0.004547792851400219
2020-06-05,-0.007257775981150221
2020-06-08,0.012162911478037157
2020-06-09,0.007000853926441262
2020-06-10,-6.79526393871123e-05
2020-06-11,0.002100441215311437
2020-06-12,0.004609384822108518
2020-06-15,0.0018179310898576357
2020-06-16,-0.005981170816347741
2020-06-17,0.001299455712113723
2020-06-18,0.003287252929820997
2020-06-19,0.0020342005152014
2020-06-22,-0.001502872421050767
2020-06-23,0.0015310626750810262
2020-06-24,0.0058101949708985945
2020-06-25,0.019792613211104256
2020-06-26,-0.007303361266519357
2020-06-29,0.003715816478829587
2020-06-30,0.005628724102492304
2020-07-01,0.019426988507621985
2020-07-02,0.0211803132695508
2020-07-03,-0.003348229872758799
2020-07-06,-0.0034944401579490984
2020-07-07,0.005446285143450437
2020-07-08,-0.030840901395863634
2020-07-09,0.0016116112877195801
2020-07-10,0.013918085233845315
2020-07-13,-0.023189983353256862
2020-07-14,-0.002746531633228801
2020-07-15,-0.00030548465248843483
2020-07-16,0.006077324033624088
2020-07-17,-0.006198600549057972
2020-07-20,-0.005272331868193039
2020-07-21,-0.00453655666466149
2020-07-22,0.005286326054467263
2020-07-23,-0.005505262795912639
2020-07-24,0.000895595987230131
2020-07-27,-0.015596863471472376
2020-07-28,-0.020150536098646723
2020-07-29,0.0025226650241373157
2020-07-30,-0.004560528543580261
2020-07-31,-0.0010337131278778111
2020-08-03,0.006782636467599478
2020-08-04,0.006825809578225778
2020-08-05,0.007855057423198215
2020-08-06,0.01785345695112962
2020-08-07,-0.003460651403943202
2020-08-10,-0.005387912879529279
2020-08-11,-0.011895390678836026
2020-08-12,0.005401026060237073
2020-08-13,-0.007378551988050721
2020-08-14,0.010924341797900361
2020-08-17,-0.0028427914665125073
2020-08-18,0.0026779336153127577
2020-08-19,0.001360886052905463
2020-08-20,-0.0027532136977050114
2020-08-21,-0.0009987513076465942
2020-08-24,0.004704850668668742
2020-08-25,0.0028793277530825526
2020-08-26,-0.010516278345154555
2020-08-27,-0.004672828050889625
2020-08-28,0.03734422477542961
2020-08-31,-0.0007359152856365174
2020-09-01,-0.003231894959687062
2020-09-02,-0.025390542261743813
2020-09-03,-0.008663262683086986
2020-09-04,0.0037914977054187217
2020-09-07,-0.0009348348537987473
2020-09-08,-0.005307349591515791
2020-09-09,0.016923006752600424
2020-09-10,-0.006565776356266362
2020-09-11,0.0030414279044546203
2020-09-14,0.010757130306770685
2020-09-15,0.004823162454754276
2020-09-16,-0.02209344115289122
2020-09-17,0.0035429502947848584
2020-09-18,0.004210802716258804
2020-09-21,-0.005254582532825693
2020-09-22,0.003845971014496604
2020-09-23,0.00656358744399604
2020-09-24,-0.034216215506291815
2020-09-25,-7.591753325090014e-05
2020-09-28,0.005875930048775913
2020-09-29,0.0020622447724964565
2020-09-30,0.002050873102279154
2020-10-01,-0.004267444678251379
2020-10-02,-0.004843495325087239
2020-10-05,-0.0018487543080585088
2020-10-06,-0.0004351709680530867
2020-10-07,-0.011532903066817691
2020-10-08,-0.01725050970205464
2020-10-09,0.02559319278860589
2020-10-12,-0.0006614901601468101
2020-10-13,-0.008401501267809648
2020-10-14,0.012108225855394415
2020-10-15,0.004984139505332436
2020-10-16,-0.01202819155069139
2020-10-19,0.0013747931710014058
2020-10-20,-0.0019392301408656784
2020-10-21,0.01366292660877577
2020-10-22,0.0025293975452732645
2020-10-23,-0.00789244656716103
2020-10-26,0.006496831115956427
2020-10-27,-0.0030019114335665936
2020-10-28,-0.008123497179770952
2020-10-29,0.0016899942187973333
2020-10-30,-0.004842506614348409
2020-11-02,-0.00037222730481185765
2020-11-03,0.015179763631099704
2020-11-04,0.00240148111499672
2020-11-05,0.012277908518194186
2020-11-06,0.0004859631824531487
2020-11-09,-0.005820089002670745
2020-11-10,-0.0041472749649554075
2020-11-11,0.0013964604015195507
2020-11-12,-6.378823992406435e-05
2020-11-13,0.021730811491487766
2020-11-16,0.005055656705822562
2020-11-17,0.0009814458674480113
2020-11-18,0.006940264947702344
2020-11-19,0.0011026339734394746
2020-11-20,0.0013939929470472797
2020-11-23,-0.007250257751388274
2020-11-24,0.003933092558138423
2020-11-25,0.009111250426730057
2020-11-26,0.013049871274176287
2020-11-27,0.024460920081180774
2020-11-30,0.0007192811123522429
2020-12-01,0.007264905534333539
2020-12-02,0.005170910062144089
2020-12-03,-0.006240505062628106
2020-12-04,-0.009887375613912213
2020-12-07,0.0006001330951245613
2020-12-08,-0.0020872641094317576
2020-12-09,-0.011858002647678683
2020-12-10,0.007621405526921538
2020-12-11,-0.0010157063034226023
2020-12-14,0.006000957775429409
2020-12-15,0.009657019913646111
2020-12-16,0.004271649791007634
2020-12-17,-0.007638034772900387
2020-12-18,0.00100097330990391
2020-12-21,0.011586489075233969
2020-12-22,-0.011364218668247853
2020-12-23,-0.0017210625120789673
2020-12-24,0.005348257535436155
2020-12-25,0.0006512417416027429
2020-12-28,-0.003485440566806802
2020-12-29,0.0018288811500816455
2020-12-30,-0.0036536513229501696
2020-12-31,-0.0017889209719197925
2021-01-01,0.0091988488217652
2021-01-04,0.0008588012736176265
2021-01-05,-0.0066366613182182975
2021-01-06,0.0030546533753150135
2021-01-07,0.016619642587163523
2021-01-08,-0.002329600573572301
2021-01-11,-0.0012111135022890801
2021-01-12,-0.0017911976095600524
2021-01-13,-0.004187172828319871
2021-01-14,-0.008178766335556156
2021-01-15,0.019830456494156455
2021-01-18,0.004512224036834898
2021-01-19,-0.015476242712556806
2021-01-20,0.0017311475728483384
2021-01-21,0.0055963595887164215
2021-01-22,0.007017219038830062
2021-01-25,0.007983141327809747
2021-01-26,0.015846383242189056
2021-01-27,-7.416079019468042e-05
2021-01-28,0.0020520168884303265
2021-01-29,-0.0075074772649271785
2021-02-01,0.0028598465565522193
2021-02-02,-0.001467216499416546
2021-02-03,0.005806821602488034
2021-02-04,0.02693733536517793
2021-02-05,0.008311689061394928
2021-02-08,0.0015083233484701605
2021-02-09,0.005579120360738924
2021-02-10,0.013576303551307012
2021-02-11,-3.31590872911757e-05
2021-02-12,0.0036471940928875348
2021-02-15,-0.006145671436781792
2021-02-16,0.04108179208232529
2021-02-17,-0.005685038627458623
2021-02-18,0.014824796763635417
2021-02-19,0.0036366983316769895
2021-02-22,-0.004591935566413725
2021-02-23,0.006491410449359327
2021-02-24,0.005191131893647758
2021-02-25,-0.0009026086522793317
2021-02-26,-0.00010954650334650739
2021-03-01,0.0008096097416420064
2021-03-02,-0.007359884513450236
2021-03-03,0.007987864992908775
2021-03-04,-0.0035559531874960627
2021-03-05,-0.0014747412907616764
2021-03-08,-0.002221867417147364
2021-03-09,-0.008372989904514473
2021-03-10,0.01879152379897162
2021-03-11,-0.009907783329776555
2021-03-12,0.00018939697646399063
2021-03-15,-0.0035504400166755973
2021-03-16,0.03533212205269409
2021-03-17,0.006411475189371548
2021-03-18,0.013247758378444713
2021-03-19,0.011884811321194604
2021-03-22,-0.01005137295872624
2021-03-23,-0.0017483587350209551
2021-03-24,-0.000909916353651371
2021-03-25,-0.012411560758313562
2021-03-26,0.0005777822441466296
2021-03-29,0.010714027630460319
2021-03-30,0.002537332708536277
2021-03-31,-0.007013608727896811
2021-04-01,0.0008814350119923448
2021-04-02,-0.004746194994656637
2021-04-05,-0.0010232408698343854
2021-04-06,0.000424284785410227
2021-04-07,0.00582735034233009
2021-04-08,-0.001036742602431624
2021-04-09,0.0013532075440226118
2021-04-12,-0.00243994842123078
2021-04-13,0.029254018503120302
2021-04-14,0.0012063165334606069
2021-04-15,-0.002002734006417009
2021-04-16,0.0030684573305836916
2021-04-19,-0.02451982443220034
2021-04-20,-0.005560715457812455
2021-04-21,-0.008943415029404243
2021-04-22,0.0036832034444636516
2021-04-23,0.0004349102047982162
2021-04-26,-0.004257903146608904
2021-04-27,-0.00041524047325581744
2021-04-28,0.0016333708585456925
2021-04-29,-0.00644240494997078
2021-04-30,0.0015520491707014155
2021-05-03,-0.00691890548121602
2021-05-04,-0.0004918314620724167
2021-05-05,0.004497186277213143
2021-05-06,-0.005881795304067231
2021-05-07,0.005136853079598681
2021-05-10,-2.266770232162702e-05
2021-05-11,-0.013986388376914372
2021-05-12,-0.007717968274567682
2021-05-13,0.000919228735748199
2021-05-14,-0.00681090643245609
2021-05-17,0.006509847763284698
2021-05-18,0.004637937879107561
2021-05-19,-0.00039016472286167614
2021-05-20,0.0028531002409886903
2021-05-21,-0.0011574487146223404
2021-05-24,0.010309064121486473
2021-05-25,0.00703941837380284
2021-05-26,-0.005267037439337068
2021-05-27,-0.001867093748260945
2021-05-28,-0.011697841658136936
2021-05-31,0.003287761836642635
2021-06-01,-0.01492127350041844
2021-06-02,0.005929912222534377
2021-06-03,-0.009396240253393438
2021-06-04,-0.009688335410213203
2021-06-07,0.0007093324975334664
2021-06-08,0.00933136854118204
2021-06-09,0.00013887834978417175
2021-06-10,0.0035627215883495007
2021-06-11,-0.0015325325129305158
2021-06-14,0.0035361487706302755
2021-06-15,0.0032489497831450077
2021-06-16,0.0007247696506431046
2021-06-17,-0.015106024826009415
2021-06-18,0.004209863801096524
2021-06-21,0.0036341949070911018
2021-06-22,-0.002070221290092754
2021-06-23,0.0026684155058915465
2021-06-24,0.00437626804053517
2021-06-25,-0.014128486340044218
2021-06-28,-0.0015245974866285518
2021-06-29,0.007912023583301868
2021-06-30,-0.008995882096893023
2021-07-01,-0.01501193144676248
2021-07-02,0.012792020777696
2021-07-05,0.016813437718840026
2021-07-06,-0.001967777508129144
2021-07-07,-0.012114852421976526
2021-07-08,-0.001281780801710411
2021-07-09,0.0008732703716266514
2021-07-12,-0.022674703408161235
2021-07-13,0.0022133709598522577
2021-07-14,-0.007657898774766828
2021-07-15,-0.0018900986269168615
2021-07-16,0.0012961240081833857
2021-07-19,-0.005070493443683916
2021-07-20,8.178647425437604e-06
2021-07-21,0.003612118785418766
2021-07-22,0.0011141009614595318
2021-07-23,-0.0016762763810540336
2021-07-26,-0.01814790997858471
2021-07-27,0.0037034265370277032
2021-07-28,0.0022447735889937178
2021-07-29,-0.0035484767518910946
2021-07-30,-0.007157982910469699
2021-08-02,-0.022908257554750042
2021-08-03,0.00776729229865425
2021-08-04,-0.0018354624502641803
2021-08-05,-0.002944495753360733
2021-08-06,-0.0012432832732912845
2021-08-09,-0.0015245774831473744
2021-08-10,0.0017937695617120989
2021-08-11,-0.006823924039792061
2021-08-12,0.014096825498291797
2021-08-13,-0.004439772755803366
2021-08-16,0.0017815773135590094
2021-08-17,0.0024522978390494406
2021-08-18,-0.001032533202480327
2021-08-19,-0.0029100718883020176
2021-08-20,0.000971846745942666
2021-08-23,-0.0006799461090909853
2021-08-24,0.0014689007890209354
2021-08-25,-0.0018934166522268515
2021-08-26,-0.004642811719567316
2021-08-27,0.0019137601926388823
2021-08-30,0.01720318168059247
2021-08-31,0.005657876988370529
2021-09-01,-0.004240203375158743
2021-09-02,-0.008601915062612877
2021-09-03,-0.0006091351491705124
2021-09-06,-0.0015356514201308727
2021-09-07,0.0031224089314768094
2021-09-08,0.005469758437092785
2021-09-09,-0.006473723343452218
2021-09-10,-0.0016334624353127073
2021-09-13,-0.003757372679042155
2021-09-14,-0.007864688113609537
2021-09-15,-0.012551737900274737
2021-09-16,0.0020064967375433194
2021-09-17,0.015303292195849682
2021-09-20,-0.0033631131239010036
2021-09-21,-0.0008242410682376736
2021-09-22,-0.0008274383307092154
2021-09-23,-0.027800178454233673
2021-09-24,-0.019445449131529527
2021-09-27,-0.0008090529451599593
2021-09-28,-0.018553530448727398
2021-09-29,-0.001756841928410474
2021-09-30,-0.011329770546666566
2021-10-01,0.00595562658654084
2021-10-04,0.024147179193387325
2021-10-05,-0.007233984512210756
2021-10-06,0.009857368083591058
2021-10-07,0.006060120327598545
2021-10-08,0.010250242585376388
2021-10-11,-0.020069873700686445
2021-10-12,0.007674660704911501
2021-10-13,0.012574185768953751
2021-10-14,0.0033196097096549653
2021-10-15,-0.004333608801863311
2021-10-18,0.002459728964221193
2021-10-19,0.006296934129336819
2021-10-20,-0.0020250440737867577
2021-10-21,-0.003516427763558948
2021-10-22,0.0010159341777415025
2021-10-25,0.0023154222983941975
2021-10-26,0.016463728097421478
2021-10-27,-0.0008682386719656727
2021-10-28,-0.019531122841499073
2021-10-29,-0.0006403740155068706
2021-11-01,0.0041401924423708075
2021-11-02,0.02770048981951831
2021-11-03,0.003917468550990584
2021-11-04,-0.0026823753753928213
2021-11-05,0.002813384312124503
2021-11-08,-0.004036474227851211
2021-11-09,-0.005823713826360421
2021-11-10,-0.01682753256598284
2021-11-11,0.00207956817348941
2021-11-12,0.00624380999447038
2021-11-15,-0.037512552915913495
2021-11-16,-0.0025558317017899644
2021-11-17,-0.002789449195383086
2021-11-18,-0.0031434841797548722
2021-11-19,-0.00226238275586122
2021-11-22,0.002857643072821415
2021-11-23,0.005253197594576339
2021-11-24,0.008224455952758778
2021-11-25,0.010894833161029805
2021-11-26,0.0007166148802349482
2021-11-29,0.01664206216004327
2021-11-30,-0.004839863119872081
2021-12-01,0.005795273161226502
2021-12-02,0.006022493310119434
2021-12-03,-0.00928518384296922
2021-12-06,-0.004307385364475356
2021-12-07,0.004670431526189055
2021-12-08,0.021215160377496406
2021-12-09,-0.004130777748207645
2021-12-10,-0.02887242064119274
2021-12-13,-0.0058939626348305935
2021-12-14,-0.0077866607970462414
2021-12-15,0.0034859040964982883
2021-12-16,0.004006392932500049
2021-12-17,-0.001784035896226786
2021-12-20,0.013743945365155393
2021-12-21,-0.0005157253979028325
2021-12-22,0.016680625149322104
2021-12-23,0.006883739737871839
2021-12-24,-0.006943891724501702
2021-12-27,0.0218222549707778
2021-12-28,0.017926482641523803
2021-12-29,0.0023651996184534596
2021-12-30,-0.011919903228303006
2021-12-31,-0.010755363286281966
2022-01-03,-0.017132575303109823
2022-01-04,0.00045123892257952934
2022-01-05,0.0014194055068684542
2022-01-06,-0.0020183735992272845
2022-01-07,0.01061394123295837
2022-01-10,0.03810291504336289
2022-01-11,0.01078875653631558
2022-01-12,0.00941050380326836
2022-01-13,-0.0034144738509178144
2022-01-14,-0.0018971848437806418
2022-01-17,-0.004870876585769568
2022-01-18,0.011405058350765775
2022-01-19,0.007471889379817114
2022-01-20,0.00033381012580703897
2022-01-21,0.0045137815878528555
2022-01-24,-0.00426611771401431
2022-01-25,0.002989014875156716
2022-01-26,0.003416887749027884
2022-01-27,0.0011378041722885875
2022-01-28,-0.01180861953220625
2022-01-31,-0.006980704686743164
2022-02-01,-0.01291320399522425
2022-02-02,-0.009139363424703213
2022-02-03,-0.02184092114850879
2022-02-04,-0.005982454939450343
2022-02-07,-0.00020283314763681903
2022-02-08,0.0010963057435094015
2022-02-09,-0.0015009560952879372
2022-02-10,-0.00459646405949822
2022-02-11,0.006709539114959014
2022-02-14,-0.0013537790170789622
2022-02-15,0.012042666923137765
2022-02-16,-0.0035711830796012916
2022-02-17,-0.0001638989228998653
2022-02-18,-0.0031561629436058078
2022-02-21,-0.016924026110683915
2022-02-22,-0.012112906910909303
2022-02-23,-0.010940337726536154
2022-02-24,-0.0016279102188763944
2022-02-25,-0.0030079869587410516
2022-02-28,-0.004836689530829028
2022-03-01,0.011160440584282042
2022-03-02,0.0018213629638436533
2022-03-03,-0.006764708656790151
2022-03-04,0.0018277056669769335
2022-03-07,0.008579426849392151
2022-03-08,-0.0015716336213947445
2022-03-09,-0.00845915801833824
2022-03-10,0.0057935313826764775
2022-03-11,0.005618655416967095
2022-03-14,-0.008041934697891521
2022-03-15,-0.0038436838880985887
2022-03-16,-0.009918130108562035
2022-03-17,0.0006391058553020982
2022-03-18,-0.0019397330266170362
2022-03-21,-0.0058437971203743585
2022-03-22,0.005432216096272342
2022-03-23,0.003500878358636848
2022-03-24,-0.002406015658102286
2022-03-25,-0.0009732787781741665
2022-03-28,-0.006513335072010911
2022-03-29,0.00926460645515314
2022-03-30,-0.013235999661544545
2022-03-31,-0.006226213486922855
2022-04-01,0.0050432245431635105
2022-04-04,-0.0031321911520182794
2022-04-05,0.001994831057365759
2022-04-06,0.012370105800463676
2022-04-07,0.016791364091801875
2022-04-08,-0.024198768253012662
2022-04-11,0.007851266974010408
2022-04-12,0.0013943739011243368
2022-04-13,-0.0010722562942439848
2022-04-14,0.011777444815678004
2022-04-15,0.011177643225381367
2022-04-18,0.004237167087307745
2022-04-19,-0.004343577643910584
2022-04-20,1.5936487825798072e-06
2022-04-21,0.0075157565643413264
2022-04-22,0.007755057051842267
2022-04-25,-0.0021877595661142163
2022-04-26,0.00817170530925071
2022-04-27,-0.0031795115968335508
2022-04-28,0.009035991545416039
2022-04-29,0.004541558946885034
2022-05-02,-0.020146160951122642
2022-05-03,0.005599092742080937
2022-05-04,-0.006933413599025254
2022-05-05,-0.0011405896604744143
2022-05-06,0.004644567128842507
2022-05-09,0.006672822881272676
2022-05-10,-0.009368320977117461
2022-05-11,-0.00808306271603076
2022-05-12,-0.008710960626141982
2022-05-13,-0.006788147813559168
2022-05-16,0.01376893174207923
2022-05-17,0.014148382921086862
2022-05-18,-0.008520455393033671
2022-05-19,-0.003981031969819268
2022-05-20,-0.006099893197225367
2022-05-23,0.0009975747077360473
2022-05-24,0.009348475239945758
2022-05-25,-0.001829947138251647
2022-05-26,-0.005122798737691801
2022-05-27,-0.0014627980843834082
2022-05-30,-0.0055528489819385
2022-05-31,-0.004789712082205181
2022-06-01,-0.003136985349072238
2022-06-02,-0.004581143148761159
2022-06-03,-0.004354339910596151
2022-06-06,0.005700450667346535
2022-06-07,-0.00379194421741693
2022-06-08,-0.003047671121081307
2022-06-09,0.012536613614401318
2022-06-10,-0.0017357966450416938
2022-06-13,0.00700543232486765
2022-06-14,-0.0002787813049258992
2022-06-15,0.0019244288584039813
2022-06-16,-0.006058651686604569
2022-06-17,0.004945310979974295
2022-06-20,0.0026906529375311235
2022-06-21,0.01560825449520034
2022-06-22,0.004515069858172564
2022-06-23,-0.006419341088785075
2022-06-24,-0.010945770807911542
2022-06-27,-0.005413063192055004
2022-06-28,0.004412731257835381
2022-06-29,-0.010545931129374415
2022-06-30,0.004320281499633584
2022-07-01,0.012573120661321699
2022-07-04,-0.005056447428864409
2022-07-05,0.009082565898706704
2022-07-06,-0.0075345461125779075
2022-07-07,-0.0022134620233702313
2022-07-08,-0.0010830005736704878
2022-07-11,0.001110283316926506
2022-07-12,-0.01089003458350571
2022-07-13,0.0004529956105738674
2022-07-14,-0.00848509959427367
2022-07-15,0.003020252612965701
2022-07-18,0.01643030854728606
2022-07-19,0.009742232861552175
2022-07-20,0.05017005280868264
2022-07-21,0.001903716437508667
2022-07-22,0.010580688684257721
2022-07-25,-0.00788532770976273
2022-07-26,0.003525576218957089
2022-07-27,-0.010821675756789596
2022-07-28,0.005675649965603322
2022-07-29,0.012143398105409181
2022-08-01,0.018485024548117946
2022-08-02,0.009504314677692995
2022-08-03,-0.0002990050321350354
2022-08-04,-0.009752672199585009
2022-08-05,-0.008872827164207389
2022-08-08,0.005931930122722839
2022-08-09,-0.002057636017217991
2022-08-10,0.008449532767589732
2022-08-11,-0.010835946173635501
2022-08-12,0.02430980996976823
2022-08-15,0.0026189056419272
2022-08-16,2.3197326050843797e-05
2022-08-17,-0.0007367628534477492
2022-08-18,-0.015148182705259554
2022-08-19,-0.004389385365677078
2022-08-22,-0.009250983050460609
2022-08-23,0.0016020932931779229
2022-08-24,0.004728571137364772
2022-08-25,0.001661483339308343
2022-08-26,-0.0020548366818484366
2022-08-29,0.002254549960844149
2022-08-30,0.007283813748001493
2022-08-31,-0.008064509430573163
2022-09-01,0.0046249023943359035
2022-09-02,-0.014844922692355572
2022-09-05,0.0009268198627278929
2022-09-06,-0.008679695676359638
2022-09-07,-0.0011885779611694861
2022-09-08,-0.003377645410478658
2022-09-09,0.007797796581659514
2022-09-12,-0.00222682929950899
2022-09-13,0.006734188273731179
2022-09-14,-0.007778953829962982
2022-09-15,0.0022857212730656527
2022-09-16,0.0030849969259763134
2022-09-19,0.0025381591808013733
2022-09-20,-0.0022140930477411694
2022-09-21,0.02777550623812936
2022-09-22,-0.004008955654511933
2022-09-23,0.0355937629972628
2022-09-26,-0.0035195267254816095
2022-09-27,-0.019770343907789922
2022-09-28,0.009382164801337927
2022-09-29,0.005749582383444255
2022-09-30,0.02288542865331296
2022-10-03,-0.004172224905135189
2022-10-04,0.0010841677816188918
2022-10-05,0.0014523809385786966
2022-10-06,-0.0017475232377066937
2022-10-07,-0.004175905521827636
2022-10-10,-0.004690070952885527
2022-10-11,-0.0008285369261547325
2022-10-12,-0.018275775024833935
2022-10-13,-0.004288371533942955
2022-10-14,-0.0018521991776031391
2022-10-17,0.007197845703937628
2022-10-18,-0.00843997278506535
2022-10-19,-0.007935458974391242
2022-10-20,-0.0038946886258657593
2022-10-21,0.01716552874981999
2022-10-24,0.00010193171504896802
2022-10-25,0.004543326591433257
2022-10-26,-0.0007162302359386073
2022-10-27,0.0064630697779520085
2022-10-28,0.0023384332799158314
2022-10-31,0.007778458637760705
2022-11-01,0.006028005854927717
2022-11-02,0.011441301927562177
2022-11-03,0.005527659390301176
2022-11-04,0.006165176200035757
2022-11-07,0.011473161358494665
2022-11-08,-0.01012981236587504
2022-11-09,-0.000554649647817695
2022-11-10,-0.0038836796826627463
2022-11-11,0.005613551936622592
2022-11-14,0.003493404774458191
2022-11-15,0.013038548340232976
2022-11-16,0.023759800292677297
2022-11-17,0.0029583387243785433
2022-11-18,0.004333327085457336
2022-11-21,0.001955038452770598
2022-11-22,-0.001976440083717752
2022-11-23,-0.005831909285525341
2022-11-24,0.011195031404336479
2022-11-25,-0.004110357594981147
2022-11-28,0.01136807970485246
2022-11-29,-0.003379261145609146
2022-11-30,-0.00761206546708411
2022-12-01,-0.0016475475410135858
2022-12-02,-0.0016428043924510466
2022-12-05,-0.009293195777255518
2022-12-06,0.012827479595329334
2022-12-07,-0.006800307670739412
2022-12-08,0.0027230557748453652
2022-12-09,-0.011006765915104305
2022-12-12,-0.011658264518177093
2022-12-13,0.008361964680925128
2022-12-14,0.002265096493167966
2022-12-15,-5.6052022978726464e-05
2022-12-16,-0.001377215549811656
2022-12-19,0.0014898221364220675
2022-12-20,-0.00938876814741904
2022-12-21,-0.0038074451985469523
2022-12-22,0.002876045647305646
2022-12-23,0.01165845853087178
2022-12-26,-0.00013566673038891032
2022-12-27,-0.012878997675437084
2022-12-28,0.003642538694693233
2022-12-29,0.013048777821926037
2022-12-30,-0.01113496518892276
2023-01-02,-0.001105509363006684
2023-01-03,-0.007410777005725255
2023-01-04,-0.0037124444640313846
2023-01-05,0.00027543242366328624
2023-01-06,0.0005921635871552108
2023-01-09,0.0011781447860669697
2023-01-10,-0.004221688806403815
2023-01-11,-0.001795718448803902
2023-01-12,0.0028300155944516996
2023-01-13,-0.0012759095919411963
2023-01-16,0.000493255119826718
2023-01-17,-0.00841675456402508
2023-01-18,-0.005299899784111891
2023-01-19,0.008437408527224188
2023-01-20,0.002345364270394405
2023-01-23,0.014021042364221916
2023-01-24,-0.002227003902317932
2023-01-25,8.166969442427861e-05
2023-01-26,0.010660814328582258
2023-01-27,-0.0015362394547237335
2023-01-30,-0.011918813007790243
2023-01-31,-0.005293074443124137
2023-02-01,0.00734101628614902
2023-02-02,0.004146891282802263
2023-02-03,0.006147642056917854
2023-02-06,0.016719724219363616
2023-02-07,0.002462746249111201
2023-02-08,-0.007101643515672658
2023-02-09,-2.675986697801998e-05
2023-02-10,-0.00425640762494765
2023-02-13,0.0035375888054203406
2023-02-14,-0.012430346274140051
2023-02-15,-0.008189751342792656
2023-02-16,-0.00420386993799667
2023-02-17,-0.00644555359737724
2023-02-20,-0.0039831421945848745
2023-02-21,-0.0030016496780747395
2023-02-22,-0.008065931863936176
2023-02-23,0.002069630183540418
2023-02-24,0.015639113869194605
2023-02-27,-0.0009317662995025019
2023-02-28,-0.018788624170253235
2023-03-01,0.006225834342945336
2023-03-02,-0.014021587156944902
2023-03-03,-0.009545810556012349
2023-03-06,0.0022716345037381413
2023-03-07,-0.016333722949541694
2023-03-08,-0.028380168567816156
2023-03-09,-0.004129432715000749
2023-03-10,0.007296078009523575
2023-03-13,0.006703133813727404
2023-03-14,-0.0001647170814404108
2023-03-15,-0.022986447613395477
2023-03-16,0.0009031837829451677
2023-03-17,0.004802246192237829
2023-03-20,-0.0091815971330829
2023-03-21,0.021650205203093464
2023-03-22,-0.00010829266217290646
2023-03-23,-0.010704913454400968
2023-03-24,0.003300611458081394
2023-03-27,-0.0006118055300372978
2023-03-28,-0.0087480998306055
2023-03-29,0.006645745511679148
2023-03-30,0.0004444647895952494
2023-03-31,-0.004306260509582152
2023-04-03,0.0028690997190298113
2023-04-04,0.018917556413260813
2023-04-05,-0.005783553818854291
2023-04-06,-0.0029226100955330645
2023-04-07,0.0040603151682141675
2023-04-10,0.002807128442089742
2023-04-11,-0.012092792886418858
2023-04-12,-0.003491862853751335
2023-04-13,-0.008578280972443812
2023-04-14,0.024970385993941253
2023-04-17,-0.021362976496157315
2023-04-18,-0.013914606567142874
2023-04-19,0.024141753804194522
2023-04-20,0.0051785874135169335
2023-04-21,-0.0015720275406679162
2023-04-24,-0.02231753386305301
2023-04-25,-0.0010023475160117826
2023-04-26,-0.0039845432076800425
2023-04-27,-0.003712662358123323
2023-04-28,-0.006393766437629216
2023-05-01,0.0098397205951843
2023-05-02,-0.003065507820196219
2023-05-03,0.0077263582196413485
2023-05-04,0.004785184800863648
2023-05-05,0.006012849723492855
2023-05-08,0.006321832576513156
2023-05-09,0.0007181431937643071
2023-05-10,0.005805552801137029
2023-05-11,0.013443964412009783
2023-05-12,0.00489342362874119
2023-05-15,-0.001223145906180642
2023-05-16,-0.007808981020469607
2023-05-17,0.005499617998211364
2023-05-18,0.0019634411000197033
2023-05-19,-0.006368761696488752
2023-05-22,-0.01716392449082324
2023-05-23,-0.003219844332397937
2023-05-24,0.0068893499019883515
2023-05-25,0.013112247001860151
2023-05-26,0.011296769966439411
2023-05-29,0.00635782327927007
2023-05-30,-0.0013500016616328117
2023-05-31,0.003050058828175522
2023-06-01,-0.00929670697919247
2023-06-02,0.00019223034351706632
2023-06-05,-0.013122913240655102
2023-06-06,-0.003399177310909607
2023-06-07,-0.00454005421795167
2023-06-08,-0.0033533563306694606
2023-06-09,0.001142620812739265
2023-06-12,-0.015422298530760506
2023-06-13,0.005565939497904551
2023-06-14,-0.0018312761893865199
2023-06-15,0.014715244378921242
2023-06-16,0.0020035486363625447
2023-06-19,-0.00657772430806051
2023-06-20,0.009709939435228371
2023-06-21,0.0019894417877226902
2023-06-22,0.008472120944200846
2023-06-23,-0.0033563117186584048
2023-06-26,-0.005888632546811655
2023-06-27,1.7350146503171805e-05
2023-06-28,-0.0052439910678978964
2023-06-29,-0.0002522855238240669
2023-06-30,0.006793934554161824
2023-07-03,-0.004823271639764574
2023-07-04,-0.0065146159021802685
2023-07-05,0.016945398968060684
2023-07-06,-0.005738244895843619
2023-07-07,-0.0018501062995539073
2023-07-10,-0.012894533180155921
2023-07-11,0.006632998288999
2023-07-12,0.004503680445627317
2023-07-13,0.008427288842844834
2023-07-14,0.0036697785290421944
2023-07-17,-0.0019856867876340122
2023-07-18,-0.00771680640811467
2023-07-19,0.009299634435097669
2023-07-20,-0.007084888755698162
2023-07-21,0.004108742129748992
2023-07-24,-0.003733727372550966
2023-07-25,-0.011272386087449238
2023-07-26,-0.0014381349234794038
2023-07-27,0.0004289620083687923
2023-07-28,-0.004929759795248869
2023-07-31,-0.003701404260368745
2023-08-01,-0.014555167957636768
2023-08-02,-0.0060206667456691315
2023-08-03,-0.0049730254277080424
2023-08-04,-0.011382450051231572
2023-08-07,-0.003530789314638425
2023-08-08,-0.006060800057021243
2023-08-09,0.003578203098080614
2023-08-10,-0.0038237147488882645
2023-08-11,0.00012337011803560934
2023-08-14,0.0021683088254802843
2023-08-15,0.0032696768000897336
2023-08-16,-0.019780456369903627
2023-08-17,-0.00040693164495569494
2023-08-18,-0.0036166945673596156
2023-08-21,0.0119114325726281
2023-08-22,-0.004889586214060355
2023-08-23,-0.008701649213646155
2023-08-24,-0.005732101457766973
2023-08-25,0.010509380851713964
2023-08-28,-0.0020712531976108044
2023-08-29,-0.018140275485607885
2023-08-30,0.005009568519471627
2023-08-31,-0.002106343834518248
2023-09-01,-0.0009651672697677358
2023-09-04,-0.005255520355529398
2023-09-05,-0.0011661505747264064
2023-09-06,0.00516961656151077
2023-09-07,0.00104978424935062
2023-09-08,8.296458407973205e-06
2023-09-11,-0.014983738256855656
2023-09-12,-0.004547833717682731
2023-09-13,-0.00518719810367172
2023-09-14,-0.0018797775483465396
2023-09-15,-0.004465234169570056
2023-09-18,0.018744029920282398
2023-09-19,-0.0029647232389074184
2023-09-20,0.0030372774440523267
2023-09-21,-0.012313479690068263
2023-09-22,-0.0052492174862381474
2023-09-25,0.012202631345243846
2023-09-26,-0.0033212135419496466
2023-09-27,-0.01302986390510587
2023-09-28,0.0027943997678314945
2023-09-29,-0.0011963117891479282
2023-10-02,-0.009891060251728766
2023-10-03,-0.0015837945051426251
2023-10-04,0.0019198480856082913
2023-10-05,0.019956065648586766
2023-10-06,-0.0015546296610997761
2023-10-09,-0.006004098919843573
2023-10-10,-0.004716065309408491
2023-10-11,0.007364818224869654
2023-10-12,-0.011798399256187017
2023-10-13,-0.0011656927804607378
2023-10-16,0.0012853242176136491
2023-10-17,-0.0006054515170603464
2023-10-18,-0.002579567265732587
2023-10-19,0.03382776349094899
2023-10-20,-0.007473564160812389
2023-10-23,0.017625330941262934
2023-10-24,0.01820536680008488
2023-10-25,1.3518562875028666e-06
2023-10-26,0.005618850404729012
2023-10-27,-0.014009078930501658
2023-10-30,-0.007871869876975952
2023-10-31,0.007027184200212259
2023-11-01,-0.012511697203578809
2023-11-02,0.000442295664262357
2023-11-03,0.006183836141043332
2023-11-06,-0.0025736417899384976
2023-11-07,-0.013829289668133177
2023-11-08,-0.004528089568010051
2023-11-09,-0.013229172567929133
2023-11-10,-0.0032389218640923342
2023-11-13,0.0045817910095804345
2023-11-14,0.0009894956964173042
2023-11-15,-0.0015746453036740767
2023-11-16,0.0258738234217337
2023-11-17,0.007725004411914591
2023-11-20,-0.003002036808165571
2023-11-21,-0.00585032604829448
2023-11-22,-0.0035635824715344188
2023-11-23,-0.003189524199385948
2023-11-24,-0.005103574813937851
2023-11-27,-0.001903631548360848
2023-11-28,0.010343415191600931
2023-11-29,0.010599536091255326
2023-11-30,-0.017195240549869456
2023-12-01,0.00414476659095498
2023-12-04,-0.012302701395376526
2023-12-05,-0.001174932090077
2023-12-06,-0.002923010290724719
2023-12-07,0.008829612994676094
2023-12-08,-0.0031249526999046896
2023-12-11,-0.0016564447487934905
2023-12-12,0.006404624527318536
2023-12-13,-0.006947226747562964
2023-12-14,0.002378174498424035
2023-12-15,-0.0011692049619189328
2023-12-18,0.01967759132480703
2023-12-19,-0.008529092564128283
2023-12-20,-0.015268239052272209
2023-12-21,0.0033936766442486293
2023-12-22,-0.005218171200272512
2023-12-25,-0.00976972776336122
2023-12-26,-0.003347524546693485
2023-12-27,0.0025490720313210355
2023-12-28,0.00403580160791231
2023-12-29,-0.0003137824614363207
2024-01-01,0.0071155542669863224
2024-01-02,-0.003687533863635568
2024-01-03,-0.012491478670270843
2024-01-04,0.005606906460850769
2024-01-05,0.0038149106528031795
2024-01-08,-0.0003914070084610208
2024-01-09,-0.019622272875251864
2024-01-10,-0.0022450630582354562
2024-01-11,0.01910447216442902
2024-01-12,0.0010102633112555577
2024-01-15,0.008572508299543945
2024-01-16,0.00428115869047274
2024-01-17,0.0010643574684017232
2024-01-18,0.004148523718038892
2024-01-19,-0.003443763273978104
2024-01-22,0.004815459142768946
2024-01-23,0.004382261915844644
2024-01-24,-0.03345521124050849
2024-01-25,-0.005555719523782394
2024-01-26,-0.01737970524736678
2024-01-29,0.01476218115220414
2024-01-30,0.00964897489858698
2024-01-31,0.0020001716831634124
2024-02-01,0.003475504901534813
2024-02-02,-0.011396107984994684
2024-02-05,-0.006265099082568082
2024-02-06,-0.009460710755996258
2024-02-07,-0.0015855193623364426
2024-02-08,-0.006906391681559042
2024-02-09,-0.0010607449104375322
2024-02-12,0.0007748874088109387
2024-02-13,0.014786726004501326
2024-02-14,-0.010461528610014759
2024-02-15,-0.007873746968853707
2024-02-16,-0.006757850257296766
2024-02-19,0.007078553513264804
2024-02-20,-0.0038052597463988434
2024-02-21,0.007924281777559656
2024-02-22,-0.0018249365572193183
2024-02-23,-0.003263848631714518
2024-02-26,-0.015742145119434253
2024-02-27,0.0038431351731262674
2024-02-28,0.004207839116426186
2024-02-29,-0.018257310863008483
2024-03-01,-1.9161385078392555e-05
2024-03-04,-0.004047897495887709
2024-03-05,0.001155627478969706
2024-03-06,0.0003660551137134445
2024-03-07,0.003882303285301081
2024-03-08,0.0022092361743097184
2024-03-11,-0.007633027755143092
2024-03-12,-0.0042084131268520855
2024-03-13,-0.011152975293148275
2024-03-14,0.0027549878823936395
2024-03-15,0.007284377978084175
2024-03-18,0.007848478816330832
2024-03-19,-0.013356551526595092
2024-03-20,-0.0005333842082514158
2024-03-21,-0.006683712798172547
2024-03-22,-0.013004757669806778
2024-03-25,-0.012158829044480495
2024-03-26,-0.020885801959745424
2024-03-27,-0.0021293064806226906
2024-03-28,0.0075858436056407
2024-03-29,0.0036144330632517795
2024-04-01,-0.009860466650846524
2024-04-02,-0.003764195199392723
2024-04-03,-0.004730581181881696
2024-04-04,0.0029878919949252133
2024-04-05,-0.005347623450829569
2024-04-08,0.009590039893223682
2024-04-09,-0.015533618515667341
2024-04-10,-0.008359361053792038
2024-04-11,0.010951738406030363
2024-04-12,0.0016455334915716586
2024-04-15,-0.007035729373881756
2024-04-16,-0.009762095915147985
2024-04-17,0.006198082446834273
2024-04-18,0.004338263061937752
2024-04-19,0.0008421347482065489
2024-04-22,-0.014940292640631368
2024-04-23,-0.0021350103062686226
2024-04-24,-0.0018343914267535929
2024-04-25,0.012408801806699463
2024-04-26,-0.011820448969329576
2024-04-29,0.0015856223880523687
2024-04-30,0.008487029302737625
2024-05-01,-0.006727502382952938
2024-05-02,0.007788428372258929
2024-05-03,-0.003763224218086078
2024-05-06,-0.0035399470497301565
2024-05-07,-0.0002298675462978869
2024-05-08,0.002579471565680808
2024-05-09,0.004963038862148687
2024-05-10,-0.019428956665109264
2024-05-13,0.00205607128242586
2024-05-14,0.0022027961735569404
2024-05-15,-0.00477469442260342
2024-05-16,-0.00939098860324854
2024-05-17,0.0034796857553467736
2024-05-20,-0.0027745724295108443
2024-05-21,0.007938065613857551
2024-05-22,0.008494244719632728
2024-05-23,0.008785443411658178
2024-05-24,-0.008057982908364533
2024-05-27,0.0031967407513045012
2024-05-28,-0.005190802442852949
2024-05-29,-0.004629984913534744
2024-05-30,-0.031102775539940522
2024-05-31,-0.016965486058492928
2024-06-03,-0.01703174678847248
2024-06-04,0.008499874644545151
2024-06-05,-0.006017944951492747
2024-06-06,-0.001015302195859646
2024-06-07,0.004745931751401441
2024-06-10,-0.004422982674892416
2024-06-11,0.015467797929167719
2024-06-12,-0.008889636936379515
2024-06-13,-0.005299721284857063
2024-06-14,0.011858078191397855
2024-06-17,0.012393040464676609
2024-06-18,3.0094221058537212e-05
2024-06-19,-0.0042898132123674266
2024-06-20,-0.011348284580192016
2024-06-21,-0.013006118002242991
2024-06-24,-0.009394444441336402
2024-06-25,0.017329827293774455
2024-06-26,0.0005518122738189344
2024-06-27,0.002873932724515449
2024-06-28,-0.0012269987511823062
2024-07-01,0.0016395433736271375
2024-07-02,-0.009689772460643835
